X,Y,id,id_punto,est,nord,quota orot,info,note,materiale,diametro,material_1,h pozzetto,dimensione,foto-1,foto-2,foto-3,icon_url
14.2198612344735,41.5436172015597,"2112","719",434930.919,4599400.382,554.512,FOGNA,,,,,,,,,,./0.png
14.2070592099647,41.5592201963002,"2113","686",433879.034,4601142.371,408.895,LUCE,,,,,,,,,,./1.png
14.2070837636283,41.5593109696134,"2114","685",433881.174,4601152.43,409.715,LUCE,,,,,,,,,,./1.png
14.2070887037943,41.5592972856299,"2115","684",433881.572,4601150.907,409.462,LUCE,,,,,,,,,,./1.png
14.2070870246871,41.5592747378964,"2116","683",433881.409,4601148.405,408.98,LUCE,,,,,,,,,,./1.png
14.2074917234006,41.5590314587482,"2117","689",433914.908,4601121.086,401.064,LUCE,,,,,,,,,,./1.png
14.2074405212749,41.5591694933146,"2118","688",433910.779,4601136.45,403.389,IDRICO,,,,,,,,,,./2.png
14.2073037767166,41.559166370909,"2119","687",433899.373,4601136.208,404.975,LUCE,,,,,,,,,,./1.png
14.2063790106797,41.5602025455156,"2120","670",433823.316,4601251.954,409.347,IDRICO,,,,,,,,,,./2.png
14.2063420659802,41.560239481464,"2121","669",433820.273,4601256.083,408.995,LUCE,,,,,,,,,,./1.png
14.2062031637523,41.5602654993343,"2122","668",433808.717,4601259.078,409.053,IDRICO,,,,,,,,,,./2.png
14.2061344536038,41.5602914522429,"2123","667",433803.014,4601262.012,408.954,IDRICO,,,,,,,,,,./2.png
14.2067335038002,41.5599712174557,"2124","674",433852.64,4601226,410.089,IDRICO,,,,,,,,,,./2.png
14.2066471500339,41.5600356900696,"2125","673",433845.505,4601233.224,409.89,IDRICO,,,,,,,,,,./2.png
14.2233312820719,41.5411648947831,"2142","884",435217.9,4599125.516,575.282,LUCE,,,,,,,,,,./1.png
14.2226167663452,41.5412453295734,"2158","866",435158.382,4599134.982,584.125,FOGNA,,,,,,,,,,./0.png
14.2225220833099,41.5411398175849,"2159","869",435150.379,4599123.339,585.303,IDRICO,,Acciaio,"15",Acciaio,150,160x130,DCIM/pozzetti_20230626123014573.JPG,DCIM/pozzetti_20230626123443728.JPG,DCIM/pozzetti_20230626123454487.JPG,./2.png
14.2226078907997,41.5411715719409,"2160","868",435157.568,4599126.8,584.622,FOGNA,,Cls,"60",Pvc,220,70x70,DCIM/pozzetti_20230626123800421.JPG,DCIM/pozzetti_20230626123829349.JPG,DCIM/pozzetti_20230626123838273.JPG,./0.png
14.2232606123941,41.5399031807895,"2164","891",435210.746,4598985.492,586.319,FOGNA,,,,,,,,,,./0.png
14.2235243146734,41.5395673865048,"2165","890",435232.407,4598948.014,590.134,LUCE,,,,,,,,,,./1.png
14.2232512065034,41.5399157724971,"2166","892",435209.974,4598986.897,586.128,IDRICO,,,,,,,,,,./2.png
14.223083417091,41.5402710754527,"2167","887",435196.333,4599026.469,581.731,FOGNA,,,,,,,,,,./0.png
14.2230799334285,41.5402566312453,"2168","886",435196.028,4599024.868,581.865,IDRICO,,,,,,,,,,./2.png
14.2232508245275,41.5408353240903,"2169","889",435210.86,4599088.987,577.367,IDRICO,,,,,,,,,,./2.png
14.2231834577009,41.5406241074644,"2170","888",435205.03,4599065.588,578.725,LUCE,,,,,,,,,,./1.png
14.223293484934,41.5409211274467,"2171","883",435214.504,4599098.481,576.658,LUCE,,,,,,,,,,./1.png
14.223258635538,41.5408498245436,"2172","882",435211.526,4599090.591,577.293,FOGNA,,,,,,,,,,./0.png
14.2233397346134,41.5412710667341,"2173","885",435218.711,4599137.297,574.766,IDRICO,,,,,,,,,,./2.png
14.2227988579209,41.5409195328311,"2174","857",435173.245,4599098.675,584.997,LUCE,,,,,,,,,,./1.png
14.2229113788683,41.5406246200262,"2177","850",435182.336,4599065.849,584.777,LUCE,,,,,,,,,,./1.png
14.223356382413,41.541403721416,"2180","879",435220.232,4599152.012,574.499,LUCE,,,,,,,,,,./1.png
14.223343998784,41.5412854171227,"2181","878",435219.081,4599138.887,574.74,FOGNA,,,,,,,,,,./0.png
14.2233055606507,41.5417253976934,"2182","881",435216.314,4599187.763,573.883,IDRICO,,,,,,,,,,./2.png
14.2233364823952,41.5416480628109,"2183","880",435218.816,4599179.154,573.961,LUCE,,,,,,,,,,./1.png
14.2234468424063,41.5419385095271,"2184","875",435228.311,4599211.317,571.436,IDRICO,,,,,,,,,,./2.png
14.2232568629917,41.5418334714597,"2185","874",435212.36,4599199.798,573.693,FOGNA,,,,,,,,,,./0.png
14.2224995865663,41.5419679936383,"2186","870",435149.33,4599215.301,570.269,FOGNA,Non ispezionabile,,,,,,DCIM/pozzetti_20230626132703226.JPG,,,./0.png
14.2226023807233,41.5414414380683,"2187","873",435157.378,4599156.765,580.83,FOGNA,,,,,,,,,,./0.png
14.2225539726415,41.5415823090314,"2188","872",435153.481,4599172.441,577.849,IDRICO,,,,,,,,,,./2.png
14.222535768205,41.5412084105358,"2189","867",435151.589,4599130.944,584.583,IDRICO,,Polietilene,"10",Polietilene,90,130x130,DCIM/pozzetti_20230626122726062.JPG,DCIM/pozzetti_20230626122750945.JPG,DCIM/pozzetti_20230626122801589.JPG,./2.png
14.2219426923128,41.5427815299912,"2190","841",435103.693,4599306.039,579.319,IDRICO,,,,,,,,,,./2.png
14.221846472967,41.5426890676407,"2191","840",435095.575,4599295.846,580.673,FOGNA,,,,,,,,,,./0.png
14.2219373656677,41.5429028310888,"2192","835",435103.37,4599319.51,577.544,FOGNA,,,,,,,,,,./0.png
14.2219779331485,41.5431571920774,"2194","837",435107.008,4599347.719,574.037,IDRICO,,Poletilene,"8",,110,75x75,DCIM/pozzetti_20230626121805725.JPG,DCIM/pozzetti_20230626121850316.JPG,DCIM/pozzetti_20230626121902567.JPG,./2.png
14.2223558287763,41.5407439849998,"2200","859",435136.116,4599079.518,590.255,IDRICO,,,,,,,,,,./2.png
14.2223153495132,41.5406643660394,"2202","861",435132.66,4599070.709,592.013,LUCE,,,,,,,,,,./1.png
14.2223685520382,41.5407637339532,"2203","860",435137.197,4599081.701,590.108,IDRICO,,,,,,,,,,./2.png
14.2173465029546,41.5637609623459,"2210","933",434741.436,4601638.669,384.088,IDRICO,,,,,,,,,,./2.png
14.2174376194578,41.5635706648165,"2211","935",434748.842,4601617.473,384.315,FOGNA,,,,,,,,,,./0.png
14.2170680913028,41.564091254328,"2212","931",434718.554,4601675.549,382.981,FOGNA,,,,,,,,,,./0.png
14.2213609176321,41.5419381670525,"2214","849",435054.324,4599212.845,585.514,IDRICO,,,,,,,,,,./2.png
14.2213840958114,41.5431501461814,"2235","833",435057.47,4599347.383,566.499,FOGNA,,,,,,,,,,./0.png
14.2214112226668,41.541898254111,"2215","848",435058.48,4599208.376,585.343,IDRICO,,,,,,,,,,./2.png
14.2214559132558,41.5421205052426,"2216","843",435062.43,4599233.017,585.887,LUCE,,,,,,,,,,./1.png
14.2215196121887,41.5421074075565,"2217","842",435067.73,4599231.515,585.732,IDRICO,,,,,,,,,,./2.png
14.2215918323307,41.5422884925496,"2218","845",435073.935,4599251.565,585.046,IDRICO,,,,,,,,,,./2.png
14.2216020898161,41.542213945628,"2219","844",435074.716,4599243.281,585.409,FOGNA,,,,,,,,,,./0.png
14.2218241260484,41.5425590043342,"2220","839",435093.581,4599281.423,582.308,IDRICO,,,,,,,,,,./2.png
14.2216805051124,41.5431671499702,"2233","831",435082.21,4599349.048,570.139,FOGNA,,,,,,,,,,./0.png
14.2216636641113,41.5431658290027,"2236","832",435080.804,4599348.914,569.865,IDRICO,,,,,,,,,,./2.png
14.2126296501527,41.561575466815,"2238","434",434345.924,4601399.607,380.483,IDRICO,,,,,,,,,,./2.png
14.2130229274451,41.5557600827559,"2239","441",434372.834,4600753.675,418.019,FOGNA,,,,,,,,,,./0.png
14.2115192672082,41.5559903474457,"2240","440",434247.674,4600780.383,411.102,IDRICO,,,,,,,,,,./2.png
14.2108260385864,41.5562186365338,"2241","439",434190.096,4600806.256,410.145,IDRICO,,,,,,,,,,./2.png
14.2116089305346,41.5573459245652,"2242","438",434256.525,4600930.813,371.151,IDRICO,,,,,,,,,,./2.png
14.2144035415387,41.5597552994585,"2243","413",434492.001,4601196.182,383.261,FOGNA,,Cls,"40",Cls,250,80x80,DCIM/pozzetti_20230626153713375.JPG,DCIM/pozzetti_20230626153759926.JPG,DCIM/pozzetti_20230626153814547.JPG,./0.png
14.2156882775588,41.5567151216124,"2244","412",434596.066,4600857.683,379.128,FOGNA,,,,,,,,,,./0.png
14.2155572107378,41.556281527634,"2245","411",434584.699,4600809.644,377.519,FOGNA,,,,,,,,,,./0.png
14.2233846658092,41.5509126102275,"2246","410",435232.082,4600207.68,407.348,LUCE,,,,,,,,,,./1.png
14.2141623710851,41.5601457733593,"2247","417",434472.285,4601239.716,383.328,IDRICO,,,,,,,,,,./2.png
14.2142611980978,41.5601152476106,"2248","416",434480.495,4601236.252,383.433,LUCE,,,,,,,,,,./1.png
14.21436124383,41.5599078546022,"2249","415",434488.628,4601213.151,383.293,IDRICO,,,,,,,,,,./2.png
14.2143674121595,41.5599084912276,"2250","414",434489.143,4601213.217,383.293,LUCE,,,,,,,,,,./1.png
14.2138581967426,41.5604841953908,"2251","421",434447.263,4601277.519,383.029,IDRICO,,,,,,,,,,./2.png
14.2138619636898,41.5604771594572,"2252","420",434447.57,4601276.735,383.028,FOGNA,,,,,,,,,,./0.png
14.2140653345291,41.5603264352022,"2253","419",434464.376,4601259.847,383.083,LUCE,,,,,,,,,,./1.png
14.216422735532,41.558128747653,"2254","386",434658.737,4601014.07,386.531,LUCE,,,,,,,,,,./1.png
14.2152331355221,41.5576089412155,"2255","393",434559.013,4600957.261,379.232,IDRICO,,,,,,,,,,./2.png
14.2152766555491,41.5575998977059,"2256","392",434562.633,4600956.224,379.446,LUCE,,,,,,,,,,./1.png
14.2155288360092,41.5573309052581,"2257","391",434583.391,4600926.169,379.565,FOGNA,,,,,,,,,,./0.png
14.2154974547392,41.5573833476036,"2258","390",434580.827,4600932.015,379.725,LUCE,,,,,,,,,,./1.png
14.2130495525066,41.5611599274887,"2259","429",434380.517,4601353.154,380.776,LUCE,,,,,,,,,,./1.png
14.2131966257816,41.561041560843,"2260","428",434392.661,4601339.901,381.432,IDRICO,,,,,,,,,,./2.png
14.2132624420072,41.5609574150593,"2261","427",434398.064,4601330.509,381.421,LUCE,,,,,,,,,,./1.png
14.2133665075091,41.560879745928,"2262","426",434406.663,4601321.807,381.844,IDRICO,,,,,,,,,,./2.png
14.2127910629384,41.5614012188089,"2263","433",434359.207,4601380.139,380.591,IDRICO,,,,,,,,,,./2.png
14.2128530418265,41.5613358991777,"2264","432",434364.309,4601372.84,380.941,LUCE,,,,,,,,,,./1.png
14.2129421266059,41.5612723233133,"2265","431",434371.673,4601365.714,381.043,IDRICO,,,,,,,,,,./2.png
14.2129607026479,41.5612575344536,"2266","430",434373.207,4601364.058,381.074,FOGNA,,,,,,,,,,./0.png
14.2123357201068,41.561969736778,"2267","437",434321.814,4601443.603,380.055,IDRICO,,,,,,,,,,./2.png
14.2123344039124,41.5619546766414,"2268","436",434321.689,4601441.932,379.946,IDRICO,,,,,,,,,,./2.png
14.212362379185,41.5618098064651,"2269","435",434323.875,4601425.827,379.088,IDRICO,,,,,,,,,,./2.png
14.2144356726722,41.5592717571969,"2270","404",434494.192,4601142.474,381.943,LUCE,,,,,,,,,,./1.png
14.2144328232718,41.5596664627803,"2271","403",434494.353,4601186.297,383.237,LUCE,,,,,,,,,,./1.png
14.2143843221027,41.559424241505,"2272","402",434490.064,4601159.442,382.501,FOGNA,,,,,,,,,,./0.png
14.2234745662314,41.5511334902413,"2273","409",435239.8,4600232.135,408.39,IDRICO,,,,,,,,,,./2.png
14.2186777488363,41.5546813765697,"2274","408",434843.318,4600629.634,388.091,LUCE,,,,,,,,,,./1.png
14.216298177233,41.5564242202759,"2275","407",434646.633,4600824.925,382.104,IDRICO,,,,,,,,,,./2.png
14.2148275086457,41.5585155810494,"2276","406",434526.103,4601058.225,378.804,LUCE,,,,,,,,,,./1.png
14.2159879262885,41.559361381508,"2277","381",434623.721,4601151.248,386.745,FOGNA,,,,,,,,,,./0.png
14.215727117537,41.5594101606088,"2278","380",434602.022,4601156.861,385.645,FOGNA,,,,,,,,,,./0.png
14.2154868644899,41.5594766705435,"2279","379",434582.055,4601164.427,384.749,FOGNA,,,,,,,,,,./0.png
14.2152584429133,41.5595375951587,"2280","378",434563.069,4601171.364,384.131,IDRICO,,,,,,,,,,./2.png
14.2167162284086,41.5585626544823,"2281","385",434683.648,4601062.021,389.352,LUCE,,,,,,,,,,./1.png
14.2166019638916,41.5585282429238,"2282","384",434674.085,4601058.287,388.891,FOGNA,,,,,,,,,,./0.png
14.2157555616719,41.5571209433593,"2283","389",434602.086,4600902.687,380.201,LUCE,,,,,,,,,,./1.png
14.2159976970031,41.5573791754453,"2284","388",434622.538,4600931.173,381.959,LUCE,,,,,,,,,,./1.png
14.2161359823103,41.5576852212047,"2285","387",434634.378,4600965.046,383.776,LUCE,,,,,,,,,,./1.png
14.217554891843,41.5587715593493,"2286","356",434753.793,4601084.58,394.817,FOGNA,,,,,,,,,,./0.png
14.2174283009521,41.558834370155,"2287","355",434743.3,4601091.649,393.957,LUCE,,,,,,,,,,./1.png
14.2172832170346,41.5588575040587,"2288","354",434731.225,4601094.327,393.656,FOGNA,,,,,,,,,,./0.png
14.216494535261,41.5591997136792,"2289","361",434665.803,4601132.916,389.347,IDRICO,,,,,,,,,,./2.png
14.2217406116667,41.5425569616667,"2479","1042",435086.613102066,4599281.25896979,582.538,LUCE,,,,,,,,,,./1.png
14.2218802783333,41.5428138266667,"2480","1041",435098.519423101,4599309.67150457,579.196,LUCE,,,,,,,,,,./1.png
14.2219501516667,41.5430512633333,"2481","1040",435104.584877575,4599335.97952772,575.327,LUCE,,,,,,,,,,./1.png
14.2217374966667,41.543156845,"2482","1039",435086.953260025,4599347.86110407,570.795,LUCE,,,,,,,,,,./1.png
14.2213669533333,41.5431363833333,"2483","1038",435056.026403625,4599345.86791832,566.29,LUCE,,,,,,,,,,./1.png
14.220058715,41.5440909766667,"2484","1037",434947.86527563,4599452.83238617,540.545,FOGNA,,,,,,,,,,./0.png
14.2200254283333,41.5440654,"2485","1036",434945.063294328,4599450.01789843,541.876,IDRICO,,,,,,,,,,./2.png
14.2202401766667,41.5440636033333,"2486","1035",434962.973032706,4599449.65673405,542.825,LUCE,,,,,,,,,,./1.png
14.220620545,41.54403609,"2487","1034",434994.670900652,4599446.31587731,544.445,LUCE,,,,,,,,,,./1.png
14.220712635,41.5439985683333,"2488","1033",435002.31428735,4599442.08088197,544.869,FOGNA,,,,,,,,,,./0.png
14.2207244333333,41.5439923816667,"2489","1032",435003.292157456,4599441.38515343,544.878,IDRICO,,,,,,,,,,./2.png
14.2209616833333,41.5440106516667,"2490","1031",435023.098808721,4599443.23503582,546.157,LUCE,,,,,,,,,,./1.png
14.2212967316667,41.54398219,"2491","1030",435051.015763304,4599439.82323113,547.083,LUCE,,,,,,,,,,./1.png
14.2213845,41.5437467816667,"2492","1029",435058.10071919,4599413.62191708,550.366,IDRICO,,,,,,,,,,./2.png
14.2214109716667,41.5438449066667,"2493","1028",435060.406838642,4599424.49597881,549.861,FOGNA,,,,,,,,,,./0.png
14.2229851053293,41.5439448256837,"2531","741",435191.801,4599434.407,555.629,IDRICO,,,,,,,,,,./2.png
14.2224617644862,41.5422189240995,"2533","767",435146.426,4599243.188,568.283,IDRICO,,,,,,,,,,./2.png
14.222427553532,41.5421593978011,"2534","766",435143.513,4599236.605,568.471,FOGNA,,,,,,,,,,./0.png
14.2224712072317,41.5425135442193,"2536","763",435147.508,4599275.89,566.643,FOGNA,,,,,,,,,,./0.png
14.222470385983,41.5423939489304,"2537","762",435147.32,4599262.613,567.337,IDRICO,,,,,,,,,,./2.png
14.2224560896231,41.5423423576069,"2540","761",435146.076,4599256.896,567.617,FOGNA,,,,,,,,,,./0.png
14.2210885377554,41.543142145672,"2542","726",435032.81,4599346.717,563.714,FOGNA,,,,,,,,,,./0.png
14.223597302684,41.5451096843761,"2543","729",435244.025,4599563.272,540.787,IDRICO,,,,,,,,,,./2.png
14.2207935454463,41.5431759060074,"2544","728",435008.239,4599350.687,561.526,FOGNA,,,,,,,,,,./0.png
14.2167029551319,41.5590938032019,"2290","360",434683.076,4601121,390.888,LUCE,,,,,,,,,,./1.png
14.2168585466989,41.5589860913812,"2291","359",434695.942,4601108.924,391.146,FOGNA,,,,,,,,,,./0.png
14.2168812397861,41.5590195367705,"2292","358",434697.868,4601112.62,391.216,LUCE,,,,,,,,,,./1.png
14.2148820608594,41.5581687687373,"2293","397",434530.302,4601019.68,377.745,FOGNA,,,,,,,,,,./0.png
14.2150341900128,41.5579112089643,"2294","396",434542.728,4600990.97,378.694,FOGNA,,,,,,,,,,./0.png
14.2151456493431,41.5577719339475,"2295","395",434551.882,4600975.423,379.265,LUCE,,,,,,,,,,./1.png
14.2152078313912,41.557636799105,"2296","394",434556.931,4600960.373,379.24,FOGNA,,,,,,,,,,./0.png
14.2145220154712,41.5591876608247,"2297","401",434501.307,4601133.072,382.097,FOGNA,,,,,,,,,,./0.png
14.2146571047498,41.5589244006965,"2298","400",434512.306,4601103.742,381.749,FOGNA,,,,,,,,,,./0.png
14.2148934955418,41.55839118201,"2299","399",434531.48,4601044.364,378.509,FOGNA,,,,,,,,,,./0.png
14.2148925958775,41.5583555341414,"2300","398",434531.369,4601040.407,378.279,IDRICO,,,,,,,,,,./2.png
14.2146573303816,41.5588988306307,"2301","405",434512.299,4601100.903,381.313,LUCE,,,,,,,,,,./1.png
14.2148295593956,41.5596806658996,"2302","372",434527.45,4601187.573,383.651,LUCE,,,,,,,,,,./1.png
14.2150535062962,41.5596219273778,"2303","371",434546.065,4601180.882,383.806,LUCE,,,,,,,,,,./1.png
14.2153037344994,41.5595675921828,"2304","370",434566.876,4601174.66,384.256,IDRICO,,,,,,,,,,./2.png
14.2152040849962,41.5595512304431,"2305","377",434558.55,4601172.919,384.048,IDRICO,,,,,,,,,,./2.png
14.2150968640849,41.5595808169974,"2306","376",434549.639,4601176.285,383.805,IDRICO,,,,,,,,,,./2.png
14.2148427084107,41.5596395925224,"2307","375",434528.505,4601183.003,383.661,FOGNA,,,,,,,,,,./0.png
14.2145528264574,41.5596954663004,"2308","374",434504.389,4601189.426,383.566,IDRICO,,Polietilene,"10",Polietilene,90,80x80,DCIM/pozzetti_20230626153505247.JPG,DCIM/pozzetti_20230626153531337.JPG,DCIM/pozzetti_20230626153544506.JPG,./2.png
14.2169041914084,41.5589739542258,"2309","349",434699.736,4601107.542,390.96,IDRICO,,Polietilene,"10",Polietilene,100,100x100,DCIM/pozzetti_20230626155252821.JPG,DCIM/pozzetti_20230626155218637.JPG,DCIM/pozzetti_20230626155232208.JPG,./2.png
14.2221864576616,41.5586485630377,"2666","152",435139.888,4601067.436,422.648,IDRICO,,,,,,,,,,./2.png
14.2171603217331,41.5592380887981,"2310","348",434721.36,4601136.673,391.143,FOGNA,,,,,,,,,,./0.png
14.2171732373256,41.5592529936721,"2311","347",434722.452,4601138.318,391.146,FOGNA,,,,,,,,,,./0.png
14.2171079099986,41.5591441825583,"2312","346",434716.895,4601126.287,391.117,LUCE,,,,,,,,,,./1.png
14.2172067324786,41.5589090813682,"2313","353",434724.899,4601100.111,392.998,LUCE,,,,,,,,,,./1.png
14.217087027079,41.5589369004335,"2314","352",434714.945,4601103.29,392.308,FOGNA,,,,,,,,,,./0.png
14.216998791517,41.5589893433525,"2315","351",434707.64,4601109.179,391.348,LUCE,,,,,,,,,,./1.png
14.2169892130684,41.5589751637501,"2316","350",434706.827,4601107.612,391.173,FOGNA,,Pvc,"60",Pvc,160,80x80,DCIM/pozzetti_20230626154918878.JPG,DCIM/pozzetti_20230626154757124.JPG,DCIM/pozzetti_20230626154808800.JPG,./0.png
14.2176434379648,41.5587619116035,"2317","357",434761.167,4601083.442,394.987,LUCE,,,,,,,,,,./1.png
14.2182654363093,41.5622054551143,"2318","324",434816.495,4601465.28,387.458,LUCE,,,,,,,,,,./1.png
14.2185004439483,41.5619906353465,"2319","323",434835.875,4601441.253,388.652,LUCE,,,,,,,,,,./1.png
14.2185490389449,41.561685997985,"2320","322",434839.621,4601407.395,388.997,LUCE,,,,,,,,,,./1.png
14.2185571511851,41.5606403827445,"2321","329",434839.247,4601291.303,387.903,LUCE,,,,,,,,,,./1.png
14.2186774093948,41.5607640049272,"2322","328",434849.399,4601304.937,387.543,LUCE,,,,,,,,,,./1.png
14.2185932578436,41.5606545353337,"2323","327",434842.272,4601292.847,387.92,LUCE,,,,,,,,,,./1.png
14.2186461203344,41.5607411660781,"2324","326",434846.767,4601302.425,387.633,FOGNA,,,,,,,,,,./0.png
14.2158008963599,41.5594297772203,"2325","365",434608.194,4601158.983,385.909,LUCE,,,,,,,,,,./1.png
14.2160375664864,41.5593878049922,"2326","364",434627.887,4601154.144,386.704,LUCE,,,,,,,,,,./1.png
14.2162822670256,41.5593243326425,"2327","363",434648.228,4601146.912,388.057,LUCE,,,,,,,,,,./1.png
14.2164670812276,41.559222873414,"2328","362",434663.537,4601135.508,389.072,LUCE,,,,,,,,,,./1.png
14.2153023709326,41.559559368258,"2329","369",434566.754,4601173.748,384.254,FOGNA,,,,,,,,,,./0.png
14.2152914374058,41.5595402522984,"2330","368",434565.823,4601171.634,384.219,FOGNA,,,,,,,,,,./0.png
14.2153210192548,41.5595692503829,"2331","367",434568.319,4601174.831,384.026,LUCE,,,,,,,,,,./1.png
14.2155602222615,41.5594914385317,"2332","366",434588.187,4601166.011,384.979,LUCE,,,,,,,,,,./1.png
14.2145703371801,41.5597458103824,"2333","373",434505.9,4601195.002,383.638,LUCE,,,,,,,,,,./1.png
14.2180695925374,41.5602668068198,"2334","335",434798.216,4601250.196,389.086,IDRICO,,,,,,,,,,./2.png
14.2181181286675,41.5603282421126,"2335","334",434802.325,4601256.98,388.848,IDRICO,,,,,,,,,,./2.png
14.2175610489644,41.5597325046214,"2336","341",434755.273,4601191.261,390.658,FOGNA,,,,,,,,,,./0.png
14.2176259044991,41.5597552659238,"2337","340",434760.704,4601193.739,390.483,LUCE,,,,,,,,,,./1.png
14.2177142432627,41.5598902012213,"2338","339",434768.206,4601208.653,390.205,FOGNA,,,,,,,,,,./0.png
14.2178172788878,41.559938127238,"2339","338",434776.846,4601213.896,389.983,LUCE,,,,,,,,,,./1.png
14.2173178493983,41.5593932753917,"2340","345",434734.652,4601153.783,390.979,LUCE,,,,,,,,,,./1.png
14.217343622129,41.5595601301401,"2341","344",434736.969,4601172.288,390.967,IDRICO,,,,,,,,,,./2.png
14.2174155277057,41.5595541613593,"2342","343",434742.959,4601171.571,390.854,FOGNA,,,,,,,,,,./0.png
14.2174585365176,41.5595647133432,"2343","342",434746.556,4601172.71,390.82,LUCE,,,,,,,,,,./1.png
14.2187132006152,41.5613230673197,"2344","317",434852.945,4601366.978,387.245,FOGNA,,,,,,,,,,./0.png
14.2186339237615,41.5614768679396,"2345","316",434846.489,4601384.113,387.631,FOGNA,,,,,,,,,,./0.png
14.2180884919128,41.5625439785643,"2346","315",434802.081,4601502.997,386.59,LUCE,,,,,,,,,,./1.png
14.21867298794,41.5615063799571,"2347","321",434849.776,4601387.36,387.747,LUCE,,,,,,,,,,./1.png
14.2188262691617,41.5612302501663,"2348","318",434862.28,4601356.588,386.752,LUCE,,,,,,,,,,./1.png
14.2186915312627,41.5607534903391,"2349","325",434850.566,4601303.759,387.631,LUCE,,,,,,,,,,./1.png
14.2066385294774,41.5600629856213,"2350","672",433844.814,4601236.261,409.891,LUCE,,,,,,,,,,./1.png
14.2064723671375,41.560153866115,"2351","671",433831.051,4601246.478,409.172,IDRICO,,,,,,,,,,./2.png
14.2069785812954,41.559764047775,"2352","678",433872.865,4601202.812,410.222,IDRICO,,,,,,,,,,./2.png
14.2069143144151,41.559804281276,"2353","677",433867.547,4601207.328,410.178,IDRICO,,,,,,,,,,./2.png
14.2069019118673,41.5598348924541,"2354","676",433866.544,4601210.736,410.139,LUCE,,,,,,,,,,./1.png
14.2067977306173,41.5599127080608,"2355","675",433857.936,4601219.455,410.089,IDRICO,,,,,,,,,,./2.png
14.2070806706358,41.5593148123968,"2356","682",433880.92,4601152.859,409.715,LUCE,,,,,,,,,,./1.png
14.2070864018966,41.5594071132414,"2357","681",433881.492,4601163.102,409.693,IDRICO,,,,,,,,,,./2.png
14.2070941340846,41.559520162585,"2358","680",433882.252,4601175.647,410.499,LUCE,,,,,,,,,,./1.png
14.2070492891973,41.5596874153022,"2359","679",433878.683,4601194.25,410.372,LUCE,,,,,,,,,,./1.png
14.2182430901927,41.5603321542592,"2360","333",434812.749,4601257.32,388.805,LUCE,,,,,,,,,,./1.png
14.2183024097234,41.5604282506571,"2361","332",434817.792,4601267.944,388.484,FOGNA,,,,,,,,,,./0.png
14.2184498244925,41.5605274408672,"2362","331",434830.184,4601278.845,388.201,LUCE,,,,,,,,,,./1.png
14.2184154947403,41.5605778192933,"2363","330",434827.372,4601284.464,388.205,IDRICO,,,,,,,,,,./2.png
14.2178629820354,41.5600226289706,"2364","337",434780.742,4601223.243,389.865,FOGNA,,,,,,,,,,./0.png
14.2180075893872,41.5601227824459,"2365","336",434792.901,4601234.253,389.38,LUCE,,,,,,,,,,./1.png
14.2053697968688,41.5591597139801,"2366","635",433738.096,4601136.951,406.823,LUCE,,,,,,,,,,./1.png
14.2065108877927,41.5588263994422,"2367","642",433832.909,4601099.071,405.594,LUCE,,,,,,,,,,./1.png
14.2064594215469,41.5588447072982,"2368","641",433828.636,4601101.143,405.882,IDRICO,,,,,,,,,,./2.png
14.2061987446451,41.5588999419048,"2369","640",433806.955,4601107.475,406.388,LUCE,,,,,,,,,,./1.png
14.2205464128428,41.558412689851,"2726","209",435002.891,4601042.482,411.354,IDRICO,,,,,,,,,,./2.png
14.2205300895149,41.5584587774365,"2727","210",435001.576,4601047.611,411.207,IDRICO,,,,,,,,,,./2.png
14.2211932792915,41.5576412506064,"2728","207",435056.06,4600956.349,411.301,FOGNA,,,,,,,,,,./0.png
14.2202158953838,41.5589108922198,"2729","214",434975.829,4601098.042,408.288,IDRICO,,,,,,,,,,./2.png
14.2204164473343,41.5586368551623,"2730","211",434992.278,4601067.467,410.32,FOGNA,,,,,,,,,,./0.png
14.2203991617358,41.5586432592207,"2731","212",434990.843,4601068.191,410.257,IDRICO,,,,,,,,,,./2.png
14.2199680402346,41.559212215269,"2732","217",434955.463,4601131.682,406.097,IDRICO,,,,,,,,,,./2.png
14.2199310469421,41.5592668455341,"2733","218",434952.433,4601137.775,405.773,IDRICO,,,,,,,,,,./2.png
14.223195523633,41.5520935731115,"2734","250",435217.487,4600338.934,409.665,LUCE,,,,,,,,,,./1.png
14.2229399458743,41.553111153986,"2735","247",435197.189,4600452.099,412.058,LUCE,,,,,,,,,,./1.png
14.223111309576,41.5521027680397,"2736","248",435210.473,4600340.018,409.386,IDRICO,,,,,,,,,,./2.png
14.2175665583593,41.563268268126,"2784","936",434759.289,4601583.803,384.832,FOGNA,,,,,,,,,,./0.png
14.217635027821,41.5631478206766,"2785","937",434764.877,4601570.379,385.047,FOGNA,,,,,,,,,,./0.png
14.2061573778188,41.5589337487781,"2370","639",433803.54,4601111.26,406.422,IDRICO,,,,,,,,,,./2.png
14.2071281078985,41.55869703456,"2371","646",433884.246,4601084.236,399.34,IDRICO,,,,,,,,,,./2.png
14.2070116698254,41.5587191820792,"2372","645",433874.559,4601086.784,400.514,LUCE,,,,,,,,,,./1.png
14.2069446042998,41.5587265198179,"2373","644",433868.974,4601087.65,401.025,IDRICO,,,,,,,,,,./2.png
14.2067604275087,41.5587629897694,"2374","643",433853.653,4601091.84,403.541,LUCE,,,,,,,,,,./1.png
14.2058331645344,41.5597873883576,"2375","650",433777.376,4601206.281,421.153,LUCE,,,,,,,,,,./1.png
14.2060493519552,41.5596862706927,"2376","649",433795.3,4601194.889,421.805,LUCE,,,,,,,,,,./1.png
14.2074141980332,41.5588515358592,"2377","648",433908.26,4601101.17,398.07,LUCE,,,,,,,,,,./1.png
14.207321708198,41.5587578713294,"2378","647",433900.452,4601090.842,397.569,LUCE,,,,,,,,,,./1.png
14.222706451395,41.5458726085088,"2379","482",435170.485,4599648.641,537.187,IDRICO,,,,,,,,,,./2.png
14.2041190773322,41.5593558615121,"2380","614",433634.002,4601159.688,400.201,LUCE,,,,,,,,,,./1.png
14.2040006515473,41.5593463137004,"2381","613",433624.117,4601158.719,398.481,FOGNA,,,,,,,,,,./0.png
14.2065740933558,41.5593248467985,"2382","654",433838.688,4601154.361,416.009,LUCE,,,,,,,,,,./1.png
14.206268148166,41.5595404676188,"2383","653",433813.396,4601178.534,420.785,LUCE,,,,,,,,,,./1.png
14.2054825038136,41.5598681838668,"2384","652",433748.218,4601215.52,419.757,LUCE,,,,,,,,,,./1.png
14.2055923149709,41.5598615206276,"2385","651",433757.368,4601214.696,420.216,LUCE,,,,,,,,,,./1.png
14.2064070894827,41.5598875214344,"2386","658",433825.336,4601216.958,416.401,LUCE,,,,,,,,,,./1.png
14.206606325439,41.5597005997058,"2387","657",433841.759,4601196.053,416.857,LUCE,,,,,,,,,,./1.png
14.2066997157789,41.5595216033774,"2388","656",433849.364,4601176.109,416.455,LUCE,,,,,,,,,,./1.png
14.2067138216757,41.5593585792988,"2389","655",433850.374,4601157.999,415.02,LUCE,,,,,,,,,,./1.png
14.2061576404597,41.5600254479629,"2390","659",433804.676,4601232.462,415.983,LUCE,,,,,,,,,,./1.png
14.2059801982886,41.5603539332913,"2391","666",433790.215,4601269.067,408.666,LUCE,,,,,,,,,,./1.png
14.2058739865559,41.5603623511515,"2392","665",433781.367,4601270.083,408.639,IDRICO,,,,,,,,,,./2.png
14.2057916859565,41.5603777615755,"2393","664",433774.52,4601271.857,408.47,IDRICO,,,,,,,,,,./2.png
14.2057004022204,41.560386381466,"2394","663",433766.917,4601272.884,408.607,IDRICO,,,,,,,,,,./2.png
14.2059874102316,41.558967316172,"2395","638",433789.401,4601115.117,406.56,IDRICO,,,,,,,,,,./2.png
14.2059193871638,41.5589617393012,"2396","637",433783.723,4601114.55,406.565,LUCE,,,,,,,,,,./1.png
14.2056353498862,41.5590403742768,"2397","636",433760.118,4601123.498,406.852,LUCE,,,,,,,,,,./1.png
14.22286063,41.543441465,"2398","960",435180.916132386,4599378.61665385,561.336,LUCE,,,,,,,,,,./1.png
14.22283606,41.543454315,"2399","959",435178.879634056,4599380.0617126,561.371,FOGNA,,,,,,,,,,./0.png
14.2228302983333,41.5434245966666,"2400","958",435178.369383995,4599376.7666693,561.565,IDRICO,,,,,,,,,,./2.png
14.22275792,41.54326323,"2401","957",435172.17127509,4599358.90585192,562.256,IDRICO,,,,,,,,,,./2.png
14.222748465,41.543291225,"2402","956",435171.410614369,4599362.02098702,562.191,FOGNA,,,,,,,,,,./0.png
14.2226753,41.5432545533333,"2403","955",435165.271426988,4599358.00456048,562.643,LUCE,,,,,,,,,,./1.png
14.222676965,41.5432512333333,"2404","954",435165.406985022,4599357.63472035,562.386,LUCE,,,,,,,,,,./1.png
14.2226599316667,41.5431224416667,"2405","953",435163.857606162,4599343.34889254,562.531,IDRICO,,,,,,,,,,./2.png
14.2225719683333,41.5430439483333,"2406","952",435156.442310491,4599334.70048631,562.88,LUCE,,,,,,,,,,./1.png
14.222589815,41.5430353483333,"2407","951",435157.922280831,4599333.7323081,562.89,LUCE,,,,,,,,,,./1.png
14.2225879683333,41.5430134116666,"2408","950",435157.746337068,4599331.29825815,562.996,FOGNA,,,,,,,,,,./0.png
14.2224860866667,41.5428489983333,"2409","949",435149.08426297,4599313.12136118,563.947,LUCE,,,,,,,,,,./1.png
14.2225008416667,41.5427571033333,"2410","948",435150.223138817,4599302.90798814,564.599,FOGNA,,,,,,,,,,./0.png
14.222461395,41.5426974266667,"2411","947",435146.873309744,4599296.31222269,565.149,LUCE,,,,,,,,,,./1.png
14.2225019416667,41.5426409383333,"2412","690",435150.19881982,4599290.01038028,565.629,IDRICO,,,,,,,,,,./2.png
14.2224404466667,41.5424043783333,"2413","946",435144.833205379,4599263.79336086,567.297,LUCE,,,,,,,,,,./1.png
14.22323424,41.544463405,"2414","976",435213.09831747,4599491.79346005,549.362,LUCE,,,,,,,,,,./1.png
14.2231101466667,41.5444664133333,"2415","975",435202.751118595,4599492.22052188,554.058,LUCE,,,,,,,,,,./1.png
14.2230599183333,41.5443420033333,"2416","974",435198.43752268,4599478.44604246,553.952,LUCE,,,,,,,,,,./1.png
14.2229781416667,41.54435153,"2417","973",435191.626309772,4599479.56505151,554.368,IDRICO,,,,,,,,,,./2.png
14.2229638033333,41.544340045,"2418","972",435190.418927101,4599478.3007291,554.361,FOGNA,,,,,,,,,,./0.png
14.2229456633333,41.5443233166666,"2419","971",435188.889223109,4599476.45713755,554.307,LUCE,,,,,,,,,,./1.png
14.2230202283333,41.5441956716667,"2420","970",435194.980991302,4599462.22988898,554.01,LUCE,,,,,,,,,,./1.png
14.2229675016667,41.544131265,"2421","969",435190.518904786,4599455.11893465,554.295,LUCE,,,,,,,,,,./1.png
14.2229847933333,41.5441620483333,"2422","968",435191.991890809,4599458.52356683,554.291,FOGNA,,,,,,,,,,./0.png
14.2230230733333,41.5441495,"2423","967",435195.172180246,4599457.10171794,554.024,FOGNA,,,,,,,,,,./0.png
14.2230304066667,41.54413145,"2424","966",435195.765808288,4599455.09228294,554.123,IDRICO,,,,,,,,,,./2.png
14.2229936283333,41.543999635,"2425","965",435192.566611048,4599440.48560546,555.198,LUCE,,,,,,,,,,./1.png
14.222904795,41.5436235966667,"2426","964",435184.781732057,4599398.80400268,559.253,FOGNA,,,,,,,,,,./0.png
14.22291406,41.5435923516667,"2427","963",435185.523301069,4599395.3281923,558.931,LUCE,,,,,,,,,,./1.png
14.2229061016667,41.5435833383333,"2428","962",435184.850513329,4599394.33349166,559.817,IDRICO,,,,,,,,,,./2.png
14.222741715,41.5434827166667,"2429","961",435171.038886137,4599383.28569672,563.01,LUCE,,,,,,,,,,./1.png
14.222283555,41.5446668833333,"2430","992",435134.008291454,4599515.09729884,553.341,FOGNA,,Cls,"60",Acciaio,150,130x60,DCIM/pozzetti_20230626114904371.JPG,DCIM/pozzetti_20230626114915645.JPG,DCIM/pozzetti_20230626114940578.JPG,./0.png
14.222318965,41.5446558766667,"2431","991",435136.95070926,4599513.84873655,553.445,IDRICO,,Acciaio,"20",Acciaio,160,130x160,DCIM/pozzetti_20230626114356046.JPG,DCIM/pozzetti_20230626114436117.JPG,DCIM/pozzetti_20230626114446562.JPG,./2.png
14.2225126466667,41.544597215,"2432","990",435153.046375684,4599507.19063627,554.271,LUCE,,,,,,,,,,./1.png
14.2225463766667,41.5446177316666,"2433","989",435155.880173661,4599509.44310352,554.203,IDRICO,,,,,,,,,,./2.png
14.2227016083333,41.5445670033333,"2434","988",435168.776812764,4599503.6946698,555.049,LUCE,,,,,,,,,,./1.png
14.2226340516667,41.5446391733333,"2435","987",435163.214250726,4599511.75777711,554.435,LUCE,,,,,,,,,,./1.png
14.2228230183333,41.5445873383333,"2436","986",435178.923501988,4599505.86117901,554.932,IDRICO,,,,,,,,,,./2.png
14.2227890683333,41.5446176183333,"2437","985",435176.122098305,4599509.24837846,554.947,LUCE,,,,,,,,,,./1.png
14.2229714666667,41.54467131,"2438","984",435191.388903112,4599515.07244124,555.254,FOGNA,,,,,,,,,,./0.png
14.22293253,41.5446523466667,"2439","983",435188.122400836,4599512.99631951,555.277,LUCE,,,,,,,,,,./1.png
14.2229235816667,41.5444986283333,"2440","982",435187.22253971,4599495.93702812,554.628,LUCE,,,,,,,,,,./1.png
14.2229200183333,41.5445390433333,"2441","981",435186.965695593,4599500.42662624,554.933,LUCE,,,,,,,,,,./1.png
14.2229352183333,41.5445499083333,"2442","980",435188.244324714,4599501.62146842,554.919,IDRICO,,Poletilene,"10",Poletilene,180,220x180,DCIM/pozzetti_20230626113353661.JPG,DCIM/pozzetti_20230626113501458.JPG,DCIM/pozzetti_20230626113512056.JPG,./2.png
14.2229520216667,41.54455724,"2443","979",435189.653153298,4599502.42283278,554.942,FOGNA,,Cls,,,150,50x50,DCIM/pozzetti_20230626113901799.JPG,DCIM/pozzetti_20230626113914249.JPG,DCIM/pozzetti_20230626113930983.JPG,./0.png
14.223166325,41.5446082916667,"2444","978",435207.578406605,4599507.92989789,552.155,LUCE,,,,,,,,,,./1.png
14.2232772533333,41.5445566566667,"2445","977",435216.778997916,4599502.11412101,545.218,LUCE,,,,,,,,,,./1.png
14.2219148483333,41.5441370533333,"2446","1009",435102.726010749,4599456.5518188,549.72,FOGNA,,,,,,,,,,./0.png
14.22191432,41.544062025,"2447","1008",435102.606919174,4599448.2224751,549.741,LUCE,,,,,,,,,,./1.png
14.2219203333333,41.5441953916667,"2448","1006",435103.241833508,4599463.02449401,549.786,LUCE,,,,,,,,,,./1.png
14.22201639,41.5442165466667,"2449","1005",435111.274777719,4599465.30099267,550.298,IDRICO,,,,,,,,,,./2.png
14.2220653133333,41.544242405,"2450","1004",435115.38117424,4599468.13507061,550.557,LUCE,,,,,,,,,,./1.png
14.2220298833333,41.5443200883333,"2451","1003",435112.503736885,4599476.78618467,550.415,LUCE,,,,,,,,,,./1.png
14.2220636033333,41.544315555,"2452","1002",435115.311681317,4599476.25756085,550.898,FOGNA,,,,,,,,,,./0.png
14.22210167,41.5443185466667,"2453","1001",435118.489690544,4599476.56110857,551.022,IDRICO,,,,,,,,,,./2.png
14.222136735,41.5443855066667,"2454","1000",435121.481287536,4599483.96875767,551.505,LUCE,,,,,,,,,,./1.png
14.2221613883333,41.5444314333333,"2455","999",435123.58345091,4599489.0490797,551.771,IDRICO,,,,,,,,,,./2.png
14.22214029,41.5444557983333,"2456","998",435121.8480668,4599491.76995804,551.912,FOGNA,,,,,,,,,,./0.png
14.222133485,41.544502635,"2457","997",435121.327306496,4599496.97493511,552.006,LUCE,,,,,,,,,,./1.png
14.2222443016667,41.5445643433333,"2458","996",435130.631821913,4599503.74265261,552.796,LUCE,,,,,,,,,,./1.png
14.222206835,41.5445755566667,"2459","995",435127.518068278,4599505.01570629,552.713,FOGNA,,,,,,,,,,./0.png
14.2222355616667,41.5445777283333,"2460","994",435129.916228362,4599505.23523544,552.683,IDRICO,,,,,,,,,,./2.png
14.222265975,41.5446734483333,"2461","993",435132.548569867,4599515.83935417,553.335,LUCE,,,,,,,,,,./1.png
14.2214067566667,41.5438364216667,"2462","1027",435060.046786373,4599423.55713191,549.979,IDRICO,,,,,,,,,,./2.png
14.2209580983333,41.5439109766667,"2463","1026",435022.700001342,4599432.17168751,549.393,LUCE,,,,,,,,,,./1.png
14.2209493933333,41.5438832583333,"2464","1025",435021.946189381,4599429.10091064,550.041,FOGNA,,,,,,,,,,./0.png
14.2209487416667,41.543876055,"2465","1024",435021.884623684,4599428.30167762,550.078,IDRICO,,,,,,,,,,./2.png
14.2212887416667,41.5438546783333,"2466","1023",435050.22173178,4599425.67273174,549.929,FOGNA,,,,,,,,,,./0.png
14.2212902516667,41.5438897616667,"2467","1022",435050.382786623,4599429.56659249,549.645,LUCE,,,,,,,,,,./1.png
14.2213747133333,41.543489895,"2468","1021",435057.027387072,4599385.10939301,555.88,IDRICO,,,,,,,,,,./2.png
14.22140032,41.543606625,"2469","1020",435059.279984562,4599398.0496548,553.686,IDRICO,,,,,,,,,,./2.png
14.2216146916667,41.54399436,"2470","1017",435077.548096515,4599440.93535613,548.389,LUCE,,,,,,,,,,./1.png
14.221698705,41.543873545,"2471","1016",435084.434571085,4599427.45918735,549.431,IDRICO,,,,,,,,,,./2.png
14.2217789466667,41.543959,"2472","1015",435091.21278205,4599436.88621544,549.378,LUCE,,,,,,,,,,./1.png
14.2217658866667,41.5439637033333,"2473","1014",435090.128187401,4599437.41819838,548.934,IDRICO,,,,,,,,,,./2.png
14.2217833333333,41.54399412,"2474","1013",435091.613786046,4599440.78198627,549.072,IDRICO,,,,,,,,,,./2.png
14.2217336433333,41.5440060666667,"2475","1012",435087.481231036,4599442.14565671,548.837,FOGNA,,,,,,,,,,./0.png
14.2217133933333,41.5440153933333,"2476","1011",435085.801564128,4599443.19633131,548.733,FOGNA,,,,,,,,,,./0.png
14.2217715716667,41.5440549533333,"2477","1010",435090.693619931,4599447.54461727,549.138,LUCE,,,,,,,,,,./1.png
14.221634555,41.542384045,"2478","1043",435077.594051041,4599262.14124396,584.481,LUCE,,,,,,,,,,./1.png
14.2204831081465,41.5432348353239,"2545","723",434982.405,4599357.463,559.695,IDRICO,,,,,,,,,,./2.png
14.2205040815213,41.5432304918734,"2546","722",434984.15,4599356.965,559.77,FOGNA,,,,,,,,,,./0.png
14.2213668173179,41.5431463181829,"2547","725",435056.025,4599346.971,566.211,IDRICO,,,,,,,,,,./2.png
14.2202288949039,41.5433191222816,"2548","724",434961.286,4599367.012,558.523,FOGNA,,,,,,,,,,./0.png
14.2229764199965,41.5438040461975,"2553","747",435190.936,4599418.784,556.81,IDRICO,,,,,,,,,,./2.png
14.2229775966953,41.5438489644668,"2556","748",435191.079,4599423.77,556.284,FOGNA,,,,,,,,,,./0.png
14.2235456722495,41.5450578501313,"2568","736",435239.667,4599557.556,541.463,FOGNA,,,,,,,,,,./0.png
14.2236784301566,41.5452735611649,"2570","730",435250.955,4599581.405,538.497,FOGNA,,,,,,,,,,./0.png
14.2210706907248,41.5431417365461,"2573","727",435031.321,4599346.685,563.615,IDRICO,,,,,,,,,,./2.png
14.2170059676383,41.5643574369133,"2574","14",434713.642,4601705.148,382.083,LUCE,,,,,,,,,,./1.png
14.2169048569989,41.5645528181506,"2575","15",434705.408,4601726.916,381.383,LUCE,,,,,,,,,,./1.png
14.2226817577502,41.5419315726,"2576","925",435164.488480933,4599211.12075838,571.165,LUCE,,,,,,,,,,./1.png
14.2226026642411,41.5417452461029,"2577","920",435157.705158448,4599190.49392486,574.672,LUCE,,,,,,,,,,./1.png
14.2226619149583,41.5413386430703,"2578","918",435162.241093236,4599145.30789215,582.997,LUCE,,,,,,,,,,./1.png
14.222576639586,41.5419446867085,"2579","921",435155.733692284,4599212.65559804,570.089,LUCE,,,,,,,,,,./1.png
14.22316481187,41.5401199972827,"2580","927",435202.971483348,4599009.6350714,583.575,LUCE,,,,,,,,,,./1.png
14.223129394573,41.5418311480614,"2581","926",435201.725542721,4599199.63565406,573.776,LUCE,,,,,,,,,,./1.png
14.223576957016,41.5396327860779,"2582","924",435236.863300751,4598955.2352746,590.045,LUCE,,,,,,,,,,./1.png
14.2226300746916,41.5415581501683,"2583","919",435159.804560529,4599169.70173342,578.392,LUCE,,,,,,,,,,./1.png
14.2226044054439,41.5411479706352,"2584","922",435157.253705682,4599124.18237048,584.698,LUCE,,,,,,,,,,./1.png
14.2256730020286,41.5658840432986,"2590","33",435437.828,4601868.118,394.871,FOGNA,,,,,,,,,,./0.png
14.2261694726855,41.5650817050898,"2591","30",435478.425,4601778.67,392.63,FOGNA,,,,,,,,,,./0.png
14.2260324759585,41.5653387687028,"2592","31",435467.258,4601807.312,394.099,FOGNA,,,,,,,,,,./0.png
14.2117637400934,41.56770285798,"2593","2",434279.93,4602080.539,362.571,FOGNA,,,,,,,,,,./0.png
14.2121390650579,41.5679463201625,"2594","3",434311.47,4602107.283,358.684,FOGNA,,,,,,,,,,./0.png
14.2115373388812,41.5675890213459,"2595","1",434260.938,4602068.073,364.421,FOGNA,,,,,,,,,,./0.png
14.2140731903123,41.567760812228,"2596","6",434472.543,4602085.218,360.115,LUCE,,,,,,,,,,./1.png
14.2133163330216,41.5676562503312,"2597","7",434409.333,4602074.184,358.161,LUCE,,,,,,,,,,./1.png
14.2125602250939,41.5682141623867,"2598","4",434346.856,4602136.699,354.178,FOGNA,,,,,,,,,,./0.png
14.2149898620422,41.5665619499821,"2599","5",434547.762,4601951.423,368.828,LUCE,,,,,,,,,,./1.png
14.2172800287431,41.5638292712043,"2600","10",434735.962,4601646.303,383.927,IDRICO,,,,,,,,,,./2.png
14.2171481457796,41.5640921957348,"2601","11",434725.23,4601675.593,383.236,LUCE,,,,,,,,,,./1.png
14.2158435436219,41.5664593550503,"2602","8",434618.837,4601939.386,372.851,LUCE,,,,,,,,,,./1.png
14.2173133491562,41.5638041155916,"2603","9",434738.715,4601643.485,384.072,LUCE,,,,,,,,,,./1.png
14.2168349425676,41.564514601581,"2604","16",434699.54,4601722.726,381.405,FOGNA,,,,,,,,,,./0.png
14.2167554623169,41.5648225765201,"2605","17",434693.223,4601756.978,380.498,LUCE,,,,,,,,,,./1.png
14.2038433569883,41.5593271651218,"2606","612",433610.981,4601156.714,395.894,LUCE,,,,,,,,,,./1.png
14.203823178224,41.5593385546846,"2607","611",433609.31,4601157.994,395.711,FOGNA,,Metallo,"30",Pvc,100,80x80,DCIM/pozzetti_20230626144447880.JPG,DCIM/pozzetti_20230626144525843.JPG,DCIM/pozzetti_20230626144540380.JPG,./0.png
14.2048522868218,41.5593984134984,"2608","618",433695.186,4601163.849,407.342,FOGNA,,Metallo,"30",Pvc,100,80x80,DCIM/pozzetti_20230626140506791.JPG,DCIM/pozzetti_20230626140519108.JPG,DCIM/pozzetti_20230626140531253.JPG,./0.png
14.2045442681458,41.5593699457897,"2609","617",433669.472,4601160.925,404.481,FOGNA,,,,,,,,,,./0.png
14.2043674769928,41.5593574004734,"2610","616",433654.717,4601159.668,402.941,LUCE,,,,,,,,,,./1.png
14.2042799792682,41.5593673875187,"2611","615",433647.431,4601160.844,402.236,FOGNA,,,,,,,,,,./0.png
14.2223441214372,41.5571437503509,"2612","238",435151.531,4600900.251,414.806,LUCE,,,,,,,,,,./1.png
14.222092679435,41.5567145647898,"2613","235",435130.134,4600852.791,413.119,LUCE,,,,,,,,,,./1.png
14.222335018095,41.5565746909266,"2614","236",435150.203,4600837.08,412.85,LUCE,,,,,,,,,,./1.png
14.222390550262,41.5562466706396,"2615","241",435154.506,4600800.621,412.144,LUCE,,,,,,,,,,./1.png
14.2162459199521,41.5655846034567,"2616","23",434651.505,4601841.965,377.141,FOGNA,,,,,,,,,,./0.png
14.2158365722473,41.5662900072842,"2617","28",434618.085,4601920.59,373.042,FOGNA,,,,,,,,,,./0.png
14.2262668896458,41.5647664222999,"2618","29",435486.234,4601743.594,390.103,FOGNA,,Pvc,"30",Pvc,80,80x80,DCIM/pozzetti_20230626171449829.JPG,DCIM/pozzetti_20230626171359903.JPG,DCIM/pozzetti_20230626171412183.JPG,./0.png
14.2161247216124,41.5659869056501,"2619","26",434641.805,4601886.721,375.373,LUCE,,,,,,,,,,./1.png
14.2160039837797,41.5662210275002,"2620","27",434631.974,4601912.805,374.464,LUCE,,,,,,,,,,./1.png
14.225868171449,41.5655886136213,"2621","32",435453.807,4601835.173,395.058,FOGNA,,,,,,,,,,./0.png
14.2214907751705,41.5635782644312,"2622","101",435086.81,4601615.262,375.894,LUCE,,,,,,,,,,./1.png
14.2214993412328,41.5635939950506,"2623","102",435087.54,4601617.002,375.924,IDRICO,,,,,,,,,,./2.png
14.2259380295912,41.5646754963974,"2624","99",435458.723,4601733.745,389.471,LUCE,,,,,,,,,,./1.png
14.2220555086022,41.563812609383,"2625","100",435134.133,4601640.855,376.6,LUCE,,,,,,,,,,./1.png
14.2207313361688,41.563300344241,"2626","105",435023.208,4601584.978,375.941,FOGNA,,,,,,,,,,./0.png
14.2206938877802,41.5633038734777,"2627","106",435020.089,4601585.398,375.88,IDRICO,,,,,,,,,,./2.png
14.2215203532539,41.5636559180646,"2628","103",435089.354,4601623.861,375.886,FOGNA,,,,,,,,,,./0.png
14.2208365769729,41.5633320604202,"2629","104",435032.015,4601588.42,375.901,LUCE,,,,,,,,,,./1.png
14.2201437822283,41.5631673407423,"2630","109",434974.083,4601570.654,376.833,FOGNA,,,,,,,,,,./0.png
14.2198406868902,41.5630974149356,"2631","110",434948.74,4601563.119,377.782,FOGNA,,,,,,,,,,./0.png
14.2204413299872,41.5632358950646,"2632","107",434998.962,4601578.041,376.208,FOGNA,,,,,,,,,,./0.png
14.220203471968,41.5631782300171,"2633","108",434979.071,4601571.818,376.661,LUCE,,,,,,,,,,./1.png
14.2190974379465,41.5629042439732,"2634","113",434886.572,4601542.233,380.263,LUCE,,,,,,,,,,./1.png
14.2190014379095,41.5629040062708,"2635","114",434878.567,4601542.279,380.676,IDRICO,,,,,,,,,,./2.png
14.2195527672883,41.5630301403918,"2636","111",434924.665,4601555.867,378.636,FOGNA,,,,,,,,,,./0.png
14.2192651306359,41.5629643172163,"2637","112",434900.615,4601548.776,379.685,FOGNA,,,,,,,,,,./0.png
14.2186762880379,41.5628252986402,"2638","117",434851.376,4601533.786,382.437,FOGNA,,,,,,,,,,./0.png
14.218543830793,41.5627722284667,"2639","118",434840.278,4601527.994,383.233,IDRICO,,,,,,,,,,./2.png
14.2189729511131,41.5628903739496,"2640","115",434876.178,4601540.787,380.833,FOGNA,,,,,,,,,,./0.png
14.2188754731375,41.562866473055,"2641","116",434868.026,4601538.207,381.363,IDRICO,,,,,,,,,,./2.png
14.2180824387488,41.562674029166,"2642","121",434801.707,4601517.44,385.747,FOGNA,Troppopieno,Metallo,"30",,150,100x100,DCIM/pozzetti_20230626165902861.JPG,DCIM/pozzetti_20230626170058846.JPG,DCIM/pozzetti_20230626170111486.JPG,./0.png
14.2179750013855,41.5627301973146,"2643","122",434792.805,4601523.757,386.024,LUCE,,,,,,,,,,./1.png
14.2183893781031,41.5627560464493,"2644","119",434827.383,4601526.314,383.957,FOGNA,,,,,,,,,,./0.png
14.2182337615329,41.5626971349074,"2645","120",434814.348,4601519.891,384.542,LUCE,,,,,,,,,,./1.png
14.2174927248103,41.5635241481001,"2646","130",434753.39,4601612.267,384.406,LUCE,,,,,,,,,,./1.png
14.2200018688496,41.5648497164419,"2647","132",434963.937,4601757.541,372.714,LUCE,,,,,,,,,,./1.png
14.217822873835,41.5629816628679,"2648","126",434780.373,4601551.79,385.304,LUCE,,,,,,,,,,./1.png
14.2176614757248,41.5632479451105,"2649","128",434767.183,4601581.475,384.795,LUCE,,,,,,,,,,./1.png
14.2219079989803,41.5638202131769,"2650","135",435121.841,4601641.81,376.256,FOGNA,,,,,,,,,,./0.png
14.2212597679981,41.5635471472929,"2651","136",435067.517,4601611.981,375.809,FOGNA,,,,,,,,,,./0.png
14.2202648060877,41.5643850593539,"2652","133",434985.395,4601705.756,373.402,LUCE,,,,,,,,,,./1.png
14.2205713874747,41.5639239581104,"2653","134",435010.496,4601654.333,373.896,LUCE,,,,,,,,,,./1.png
14.2215901783746,41.5599604344851,"2654","167",435091.478,4601213.53,429.99,IDRICO,,Polietilene,"10",Polietilene,130,100x100,DCIM/pozzetti_20230626163013244.JPG,DCIM/pozzetti_20230626162926004.JPG,DCIM/pozzetti_20230626162934154.JPG,./2.png
14.2216021535216,41.5600168289359,"2655","168",435092.533,4601219.782,430.238,LUCE,,,,,,,,,,./1.png
14.2250030298918,41.5631337495214,"2656","139",435379.226,4601563.277,383.592,LUCE,,,,,,,,,,./1.png
14.2254375984966,41.5620487274225,"2657","140",435414.381,4601442.491,393.222,LUCE,,,,,,,,,,./1.png
14.2208528231157,41.5633893215333,"2658","137",435033.427,4601594.765,375.939,FOGNA,,,,,,,,,,./0.png
14.2249041162003,41.5634244494425,"2659","138",435371.268,4601595.625,383.053,LUCE,,,,,,,,,,./1.png
14.2246173666229,41.5606304197291,"2660","143",435344.573,4601285.642,410.585,IDRICO,,,,,,,,,,./2.png
14.2241889138449,41.5596406763134,"2661","144",435307.859,4601176.08,415.905,LUCE,,,,,,,,,,./1.png
14.2250223608482,41.5618180458529,"2662","141",435379.527,4601417.191,396.555,IDRICO,,,,,,,,,,./2.png
14.2247637833701,41.5614671634408,"2663","142",435357.616,4601378.429,402.736,IDRICO,,,,,,,,,,./2.png
14.2234591190284,41.5590220672404,"2664","145",435246.386,4601107.948,416.824,LUCE,,,,,,,,,,./1.png
14.222422269785,41.5581693773903,"2665","146",435159.073,4601014.059,418.518,FOGNA,,,,,,,,,,./0.png
14.2220845973343,41.5587165272867,"2667","153",435131.462,4601075.058,423.288,LUCE,,,,,,,,,,./1.png
14.2222986377619,41.5584149889352,"2668","150",435149.009,4601041.42,420.651,IDRICO,,,,,,,,,,./2.png
14.2222211146332,41.558459545912,"2669","151",435142.589,4601046.425,421.177,LUCE,,,,,,,,,,./1.png
14.2234370286318,41.5599336869458,"2670","183",435245.454,4601209.174,421.231,LUCE,,,,,,,,,,./1.png
14.2234583506273,41.5599467383507,"2671","184",435247.245,4601210.607,420.995,IDRICO,,,,,,,,,,./2.png
14.221851181779,41.5591645002367,"2672","157",435112.446,4601124.968,427.817,LUCE,,,,,,,,,,./1.png
14.2219466591001,41.5590948807101,"2673","158",435120.338,4601117.167,427.18,IDRICO,,,,,,,,,,./2.png
14.222104936498,41.5588364794718,"2674","154",435133.278,4601088.36,424.462,IDRICO,,,,,,,,,,./2.png
14.2219599768795,41.5589663651651,"2675","156",435121.32,4601102.889,425.944,LUCE,,,,,,,,,,./1.png
14.2216032841233,41.5595848394416,"2676","161",435092.195,4601171.821,428.82,LUCE,,,,,,,,,,./1.png
14.2216662657265,41.5595739887044,"2677","162",435097.436,4601170.569,429.067,IDRICO,,,,,,,,,,./2.png
14.2217969844462,41.5593398200439,"2678","159",435108.102,4601144.473,428.624,IDRICO,,,,,,,,,,./2.png
14.2217111610972,41.5593743944903,"2679","160",435100.98,4601148.376,428.476,LUCE,,,,,,,,,,./1.png
14.2215615817526,41.5597991280474,"2680","165",435088.932,4601195.643,429.345,LUCE,,,,,,,,,,./1.png
14.2216410911783,41.5599569870904,"2681","166",435095.72,4601213.109,429.96,FOGNA,,Pvc,"40",Pvc,270,100x100,DCIM/pozzetti_20230626163508368.JPG,DCIM/pozzetti_20230626163450203.JPG,DCIM/pozzetti_20230626163459018.JPG,./0.png
14.2216331971864,41.5597723569032,"2682","163",435094.877,4601192.617,429.368,IDRICO,,,,,,,,,,./2.png
14.2216120043947,41.5598175289571,"2683","164",435093.155,4601197.648,429.436,IDRICO,,,,,,,,,,./2.png
14.2216521704291,41.5600660589271,"2684","169",435096.753,4601225.21,430.786,IDRICO,,,,,,,,,,./2.png
14.2219569186401,41.5601471421419,"2685","170",435122.246,4601233.983,432.238,IDRICO,,,,,,,,,,./2.png
14.2217817020561,41.5569481445433,"2686","199",435104.435,4600878.957,413.291,FOGNA,,,,,,,,,,./0.png
14.2216123291153,41.5571631183577,"2687","200",435090.526,4600902.951,412.502,FOGNA,,,,,,,,,,./0.png
14.2222156123032,41.5602506113171,"2688","173",435143.921,4601245.276,432.767,IDRICO,,,,,,,,,,./2.png
14.222260984765,41.5602781741909,"2689","174",435147.732,4601248.302,432.837,LUCE,,,,,,,,,,./1.png
14.2219353233715,41.560102905481,"2690","171",435120.401,4601229.088,432.139,LUCE,,,,,,,,,,./1.png
14.2221736899891,41.560166353058,"2691","172",435140.341,4601235.953,432.8,LUCE,,,,,,,,,,./1.png
14.2223953942399,41.5603673003511,"2692","177",435159.029,4601258.096,433.11,IDRICO,,,,,,,,,,./2.png
14.2224500706852,41.5603930525615,"2693","178",435163.614,4601260.914,433.175,IDRICO,,,,,,,,,,./2.png
14.2223492672875,41.5602846260209,"2694","175",435155.1,4601248.952,432.926,LUCE,,,,,,,,,,./1.png
14.2223895054018,41.560338338219,"2695","176",435158.509,4601254.885,433.033,IDRICO,,,,,,,,,,./2.png
14.2229549817483,41.5601181866036,"2696","181",435205.442,4601230.019,430.899,IDRICO,,,,,,,,,,./2.png
14.223006998308,41.5601046939624,"2697","182",435209.766,4601228.482,430.067,LUCE,,,,,,,,,,./1.png
14.2226851674955,41.5604272664274,"2698","179",435183.252,4601264.536,434.265,FOGNA,,,,,,,,,,./0.png
14.2227937229491,41.5602290839524,"2699","180",435192.106,4601242.452,433.136,IDRICO,,,,,,,,,,./2.png
14.2225758194128,41.5579338849797,"2700","185",435171.642,4600987.799,416.444,FOGNA,,Pvc,"40",Pvc,240,80x80,DCIM/pozzetti_20230626162411244.JPG,DCIM/pozzetti_20230626162419296.JPG,DCIM/pozzetti_20230626162430300.JPG,./0.png
14.2225807513837,41.5579236050107,"2701","186",435172.043,4600986.654,416.409,IDRICO,,Polietilene,"5",Polietilene,90,80x80,DCIM/pozzetti_20230626162130655.JPG,DCIM/pozzetti_20230626162141205.JPG,DCIM/pozzetti_20230626162148534.JPG,./2.png
14.2201660720848,41.5589833780147,"2702","215",434971.747,4601106.127,407.828,FOGNA,,,,,,,,,,./0.png
14.2200183150799,41.5591391111257,"2703","216",434959.582,4601123.528,406.629,IDRICO,,,,,,,,,,./2.png
14.2224755926803,41.5575175131124,"2704","189",435162.868,4600941.648,415.119,FOGNA,,,,,,,,,,./0.png
14.2224111894645,41.5572409689562,"2705","190",435157.221,4600910.994,414.884,FOGNA,,,,,,,,,,./0.png
14.2225291542018,41.5577551626128,"2706","187",435167.572,4600967.992,415.57,FOGNA,,,,,,,,,,./0.png
14.2224588728904,41.5577128666557,"2707","188",435161.669,4600963.349,415.44,LUCE,,,,,,,,,,./1.png
14.2224371182718,41.5568355742485,"2708","193",435158.978,4600865.967,413.892,IDRICO,,,,,,,,,,./2.png
14.2224279810311,41.5568145255338,"2709","194",435158.195,4600863.637,413.834,FOGNA,,,,,,,,,,./0.png
14.2224148905412,41.5572133236727,"2710","191",435157.502,4600907.922,414.854,FOGNA,,,,,,,,,,./0.png
14.2224150952258,41.5570371790153,"2711","192",435157.343,4600888.366,414.542,FOGNA,,,,,,,,,,./0.png
14.221970300779,41.5567448208518,"2712","197",435119.959,4600856.242,413.213,IDRICO,,,,,,,,,,./2.png
14.2217955046115,41.5569121548622,"2713","198",435105.55,4600874.951,413.398,IDRICO,,,,,,,,,,./2.png
14.2221613988895,41.5565769753485,"2714","195",435135.727,4600837.464,412.76,FOGNA,,,,,,,,,,./0.png
14.2219778184378,41.5567389179182,"2715","196",435120.58,4600855.581,413.193,FOGNA,,,,,,,,,,./0.png
14.2215641695271,41.5571971370209,"2716","201",435086.544,4600906.764,412.319,IDRICO,,,,,,,,,,./2.png
14.2215404905997,41.5572227104622,"2717","202",435084.595,4600909.621,412.18,IDRICO,,,,,,,,,,./2.png
14.2219125137419,41.5568597047842,"2718","234",435115.255,4600869.04,413.417,LUCE,,,,,,,,,,./1.png
14.2213470899243,41.5575381323193,"2720","231",435068.783,4600944.785,411.685,LUCE,,,,,,,,,,./1.png
14.2215713943111,41.5572886006439,"2721","232",435087.238,4600916.913,412.102,LUCE,,,,,,,,,,./1.png
14.2213235509603,41.5574651131672,"2722","205",435066.747,4600936.696,411.475,IDRICO,,,,,,,,,,./2.png
14.2211904632314,41.5576250995259,"2723","206",435055.809,4600954.558,411.029,IDRICO,,,,,,,,,,./2.png
14.2213828133789,41.5574022835002,"2724","203",435071.626,4600929.676,411.726,IDRICO,,,,,,,,,,./2.png
14.2213591759554,41.5574453673025,"2725","204",435069.698,4600934.477,411.605,FOGNA,,,,,,,,,,./0.png
14.2197753282965,41.5594951588456,"2737","221",434939.677,4601163.24,404.33,IDRICO,,,,,,,,,,./2.png
14.2195337131624,41.5597021001715,"2738","222",434919.737,4601186.397,402.123,IDRICO,,,,,,,,,,./2.png
14.2199494075678,41.5592628087423,"2739","219",434953.96,4601137.313,405.768,FOGNA,,,,,,,,,,./0.png
14.2197925540795,41.559473811434,"2740","220",434941.092,4601160.857,404.453,IDRICO,,,,,,,,,,./2.png
14.2194006106612,41.5597609147534,"2741","225",434908.697,4601193.027,401.117,FOGNA,,Pvc,"40",Pvc,110,80x80,DCIM/pozzetti_20230626160740460.JPG,DCIM/pozzetti_20230626160750041.JPG,DCIM/pozzetti_20230626160758284.JPG,./0.png
14.219390411826,41.5597543873098,"2742","226",434907.84,4601192.31,401.039,IDRICO,,Polietilene,"4",Polietilene,70,80x80,DCIM/pozzetti_20230626160832090.JPG,DCIM/pozzetti_20230626160927209.JPG,DCIM/pozzetti_20230626160938764.JPG,./2.png
14.2193904020561,41.5597990452308,"2743","223",434907.884,4601197.268,400.994,FOGNA,,Pvc,"60",Pvc,140,100x100,DCIM/pozzetti_20230626161343751.JPG,DCIM/pozzetti_20230626161353057.JPG,DCIM/pozzetti_20230626161401846.JPG,./0.png
14.2246793875742,41.5665939192612,"2818","39",435355.689,4601947.673,399.867,LUCE,,,,,,,,,,./1.png
14.2193976638879,41.5597865474201,"2744","224",434908.477,4601195.875,401.046,FOGNA,Troppopieno,,,,100,100x100,DCIM/pozzetti_20230626161015135.JPG,DCIM/pozzetti_20230626161111067.JPG,DCIM/pozzetti_20230626161128696.JPG,./0.png
14.220072310124,41.5591655173763,"2745","229",434964.111,4601126.419,406.564,LUCE,,,,,,,,,,./1.png
14.2203121712999,41.5588587535507,"2746","230",434983.805,4601092.181,408.729,LUCE,,,,,,,,,,./1.png
14.2196022546448,41.5597175804929,"2747","227",434925.468,4601188.064,402.385,LUCE,,,,,,,,,,./1.png
14.2198562974314,41.559467443465,"2748","228",434946.401,4601160.102,404.631,LUCE,,,,,,,,,,./1.png
14.221774507611,41.5570270625282,"2749","233",435103.914,4600887.724,413.108,LUCE,,,,,,,,,,./1.png
14.2187914271895,41.5613430635165,"2750","319",434859.488,4601369.139,385.295,LUCE,,,,,,,,,,./1.png
14.2215327466667,41.5438882866667,"2751","1018",435070.607173198,4599429.22054748,549.33,LUCE,,,,,,,,,,./1.png
14.2165052751391,41.5591524807397,"2752","383",434666.651,4601127.664,389.57,FOGNA,,,,,,,,,,./0.png
14.216271367384,41.5592855181317,"2753","382",434647.28,4601142.611,388.008,FOGNA,,,,,,,,,,./0.png
14.2125590450163,41.5562650425927,"2754","453",434334.661,4600810.089,403.835,FOGNA,,,,,,,,,,./0.png
14.2062401745415,41.5584905328484,"2755","580",433809.992,4601061.99,394.423,FOGNA,,,,,,,,,,./0.png
14.2060921808768,41.5584581838637,"2756","579",433797.618,4601058.512,392.977,IDRICO,,,,,,,,,,./2.png
14.2187842473878,41.5593702362136,"2757","273",434856.908,4601150.118,397.093,IDRICO,,,,,,,,,,./2.png
14.2209498123939,41.5579114764816,"2758","208",435036.028,4600986.533,411.191,IDRICO,,,,,,,,,,./2.png
14.2203039264423,41.5587834509911,"2759","213",434983.042,4601083.827,409.14,IDRICO,,,,,,,,,,./2.png
14.2224137299763,41.5581785070459,"2760","147",435158.37,4601015.079,418.59,FOGNA,,,,,,,,,,./0.png
14.2223521915943,41.558174127672,"2761","148",435153.234,4601014.639,418.805,LUCE,,,,,,,,,,./1.png
14.22418073609,41.5638355437605,"2762","75",435311.361,4601641.807,381.657,LUCE,,,,,,,,,,./1.png
14.2179670346122,41.5626240647036,"2763","941",434792.034,4601511.98,386.349,IDRICO,Non ispezionabile,,,,,,DCIM/pozzetti_20230626165611468.JPG,,,./2.png
14.2112265559475,41.5675132104691,"2764","298",434234.949,4602059.893,366.489,FOGNA,,Cls,"80",,130,120x120,DCIM/pozzetti_20230624122742058.JPG,DCIM/pozzetti_20230624122901101.JPG,DCIM/pozzetti_20230624122914937.JPG,./0.png
14.2225709821348,41.5429107735811,"2765","757",435156.227,4599319.916,563.528,IDRICO,,,,,,,,,,./2.png
14.2224883090305,41.5446457921233,"2779","901",435151.065,4599512.602,553.903,FOGNA,,,,,,,,,,./0.png
14.2187355008812,41.5614241181257,"2780","320",434854.906,4601378.18,387.493,LUCE,,,,,,,,,,./1.png
14.2106844641095,41.5675989232518,"2781","300",434189.838,4602069.822,368.156,FOGNA,,,,,,,,,,./0.png
14.2109565208458,41.567511943124,"2782","299",434212.433,4602059.958,367.787,FOGNA,,,,,,,,,,./0.png
14.2173064523266,41.5636749947254,"2783","934",434738.01,4601629.155,384.137,FOGNA,,,,,,,,,,./0.png
14.217764425391,41.5629375080095,"2786","939",434775.455,4601546.932,385.537,FOGNA,,,,,,,,,,./0.png
14.217913354552,41.5626917133611,"2787","940",434787.626,4601519.531,386.102,IDRICO,non ispezionabile,,,,,,DCIM/pozzetti_20230626165744622.JPG,,,./2.png
14.2200222760333,41.5434814193418,"2788","718",434944.215,4599385.186,556.871,FOGNA,,,,,,,,,,./0.png
14.2056237443724,41.56041399955,"2789","662",433760.553,4601276.009,408.633,LUCE,,,,,,,,,,./1.png
14.2068194078412,41.5592727029495,"2790","661",433859.091,4601148.384,412.767,LUCE,,,,,,,,,,./1.png
14.2058883248025,41.5601315582254,"2791","660",433782.327,4601244.449,414.764,LUCE,,,,,,,,,,./1.png
14.2229659632812,41.5447385172089,"2792","805",435190.997,4599522.538,555.742,IDRICO,,,,,,,,,,./2.png
14.2214100383333,41.5436200033333,"2793","1019",435060.103954662,4599399.52762869,554.043,LUCE,,,,,,,,,,./1.png
14.2224479147177,41.5420092880682,"2794","928",435145.061323675,4599219.92434768,570.026,LUCE,,,,,,,,,,./1.png
14.2230007525076,41.5403393828403,"2795","923",435189.505986781,4599034.11457713,582.43,LUCE,,,,,,,,,,./1.png
14.2164850779413,41.565334579901,"2797","21",434671.194,4601814.026,378.575,LUCE,,,,,,,,,,./1.png
14.216617589818,41.564917762614,"2798","18",434681.823,4601767.65,379.984,FOGNA,,,,,,,,,,./0.png
14.2166064942693,41.5649397547787,"2799","19",434680.92,4601770.1,379.822,FOGNA,,,,,,,,,,./0.png
14.2163523620075,41.5655765829313,"2800","24",434660.372,4601840.994,377.94,LUCE,,,,,,,,,,./1.png
14.2162441137341,41.5657787153645,"2801","25",434651.55,4601863.517,376.927,LUCE,,,,,,,,,,./1.png
14.216388523207,41.5653223836105,"2802","22",434663.131,4601812.745,378.457,FOGNA,,,,,,,,,,./0.png
14.2169931242954,41.5642222316812,"2803","930",434712.435,4601690.147,382.555,FOGNA,,,,,,,,,,./0.png
14.2177004785722,41.5631433930841,"2804","938",434770.33,4601569.838,385.023,IDRICO,,,,,,,,,,./2.png
14.2172459683925,41.5637646915289,"2805","932",434733.057,4601639.159,384.019,FOGNA,,,,,,,,,,./0.png
14.2207733895002,41.5431780752873,"2806","721",435006.56,4599350.943,561.448,IDRICO,,,,,,,,,,./2.png
14.2230074206193,41.5419075645468,"2808","877",435191.628,4599208.211,572.632,FOGNA,,,,,,,,,,./0.png
14.2230419875436,41.5419163550339,"2809","876",435194.52,4599209.161,572.8,IDRICO,,,,,,,,,,./2.png
14.2225650155279,41.5416973256842,"2810","871",435154.517,4599185.202,575.538,FOGNA,,,,,,,,,,./0.png
14.2121488178355,41.5619546121205,"2811","312",434306.214,4601442.066,378.826,IDRICO,,,,,,,,,,./2.png
14.210429883851,41.5677113240961,"2812","301",434168.726,4602082.495,368.058,FOGNA,,,,,,,,,,./0.png
14.2249005170163,41.5666798531244,"2813","38",435374.212,4601957.048,396.707,LUCE,,,,,,,,,,./1.png
14.2253115454347,41.5664431745142,"2814","34",435408.247,4601930.464,393.222,LUCE,,,,,,,,,,./1.png
14.2252393150541,41.5666072592837,"2815","35",435402.388,4601948.735,392.691,LUCE,,,,,,,,,,./1.png
14.2263030037474,41.5645812330063,"2816","41",435489.061,4601723.007,389.515,FOGNA,,,,,,,,,,./0.png
14.2263754781733,41.5644435223814,"2817","42",435494.967,4601707.664,389.079,FOGNA,,Pvc,"40",Pvc,110,80x80,DCIM/pozzetti_20230626170919054.JPG,DCIM/pozzetti_20230626171052729.JPG,DCIM/pozzetti_20230626171101368.JPG,./0.png
14.2243657126873,41.566573491932,"2819","40",435329.515,4601945.64,403.577,LUCE,,,,,,,,,,./1.png
14.2260065252648,41.5643195405051,"2820","45",435464.08,4601694.175,387.743,FOGNA,,,,,,,,,,./0.png
14.2256730283753,41.5641762234661,"2821","46",435436.13,4601678.513,386.487,IDRICO,,,,,,,,,,./2.png
14.2264255897751,41.5644280878392,"2822","43",435499.13,4601705.913,389.179,IDRICO,Non ispezionabile,,,,,,DCIM/pozzetti_20230626170848451.JPG,,,./2.png
14.2263110935494,41.5644520153483,"2823","44",435489.607,4601708.655,389.095,LUCE,,,,,,,,,,./1.png
14.2249216971133,41.5639573920575,"2824","49",435373.265,4601654.78,384.417,FOGNA,,,,,,,,,,./0.png
14.2245152277572,41.5638631466453,"2825","50",435339.279,4601644.621,382.859,FOGNA,Non ispezionabile,,,,,,DCIM/pozzetti_20230626170635255.JPG,,,./0.png
14.2256005375136,41.5641856432349,"2826","47",435430.095,4601679.613,386.5,FOGNA,,,,,,,,,,./0.png
14.2252613132641,41.5640711276521,"2827","48",435401.696,4601667.153,385.625,FOGNA,,,,,,,,,,./0.png
14.2166338215377,41.5650583502697,"2828","20",434683.318,4601783.246,379.71,LUCE,,,,,,,,,,./1.png
14.2244728013255,41.5642257987511,"2829","54",435336.103,4601684.915,389.525,IDRICO,Non isoezionabile,,,,,,DCIM/pozzetti_20230626171846816.JPG,,,./2.png
14.2245506717108,41.5638386968106,"2830","51",435342.21,4601641.88,382.937,IDRICO,Non ispezionabile,,,,,,DCIM/pozzetti_20230626170604247.JPG,,,./2.png
14.2245430095177,41.5638857260488,"2831","52",435341.618,4601647.107,383.323,LUCE,,,,,,,,,,./1.png
14.2240436364694,41.5642992487488,"2832","57",435300.392,4601693.391,386.202,LUCE,,,,,,,,,,./1.png
14.2238146092222,41.564378957324,"2833","58",435281.375,4601702.412,384.67,LUCE,,,,,,,,,,./1.png
14.224469564632,41.5642718129892,"2834","55",435335.879,4601690.026,390.128,IDRICO,,Polietilene,"4",,100,60x130,DCIM/pozzetti_20230626171647917.JPG,DCIM/pozzetti_20230626171709944.JPG,DCIM/pozzetti_20230626171722056.JPG,./2.png
14.224267055924,41.5642260951904,"2835","56",435318.948,4601685.102,387.937,LUCE,,,,,,,,,,./1.png
14.2222183273576,41.5639375065694,"2836","61",435147.834,4601654.599,377.051,LUCE,,,,,,,,,,./1.png
14.2224699282816,41.563943630811,"2837","62",435168.819,4601655.09,377.054,FOGNA,,,,,,,,,,./0.png
14.2235520502976,41.5643984146793,"2838","59",435259.502,4601704.769,383.836,LUCE,,,,,,,,,,./1.png
14.2223306686889,41.5642003594838,"2839","60",435157.464,4601683.697,375.873,LUCE,,,,,,,,,,./1.png
14.2231006501018,41.5638519579695,"2840","65",435221.318,4601644.439,378.58,LUCE,,,,,,,,,,./1.png
14.2234626431924,41.5637872632589,"2841","66",435251.437,4601636.985,379.378,LUCE,,,,,,,,,,./1.png
14.2228706015349,41.5638758128015,"2842","63",435202.16,4601647.26,378.05,FOGNA,,,,,,,,,,./0.png
14.2231111393306,41.5638293215578,"2843","64",435222.17,4601641.918,378.581,FOGNA,,,,,,,,,,./0.png
14.2251503525586,41.5667623681115,"2844","37",435395.125,4601966.022,392.63,LUCE,,,,,,,,,,./1.png
14.2239439544481,41.5638007180906,"2845","69",435291.583,4601638.118,380.696,FOGNA,,,,,,,,,,./0.png
14.2239855292394,41.5637660595557,"2846","70",435295.015,4601634.239,380.823,IDRICO,,,,,,,,,,./2.png
14.2235016300336,41.563768440187,"2847","67",435254.669,4601634.866,379.417,FOGNA,,,,,,,,,,./0.png
14.2238222851339,41.5638007164803,"2848","68",435281.438,4601638.209,380.528,LUCE,,,,,,,,,,./1.png
14.2241203899726,41.5637661319945,"2849","73",435306.26,4601634.146,381.283,IDRICO,,,,,,,,,,./2.png
14.2242014249742,41.5637733081251,"2850","74",435313.024,4601634.882,381.54,IDRICO,,,,,,,,,,./2.png
14.2239937012275,41.5637516310455,"2851","71",435295.682,4601632.631,380.919,IDRICO,,,,,,,,,,./2.png
14.2240460148779,41.5637616488845,"2852","72",435300.054,4601633.704,380.982,IDRICO,,,,,,,,,,./2.png
14.2245097936342,41.5644329538576,"2853","77",435339.394,4601707.886,393.389,LUCE,,,,,,,,,,./1.png
14.2243570789817,41.5646219677774,"2854","78",435326.849,4601728.985,395.258,LUCE,,,,,,,,,,./1.png
14.2242381318811,41.5638327784817,"2855","76",435316.144,4601641.457,381.715,FOGNA,,,,,,,,,,./0.png
14.2242210114968,41.5648048427752,"2856","81",435315.686,4601749.39,396.23,LUCE,,,,,,,,,,./1.png
14.2240701325209,41.5649485441938,"2857","82",435303.249,4601765.457,396.846,LUCE,,,,,,,,,,./1.png
14.2244093193214,41.5646361733287,"2858","79",435331.219,4601730.523,395.233,FOGNA,,,,,,,,,,./0.png
14.2242400663773,41.5648481521047,"2859","80",435317.318,4601754.184,396.478,FOGNA,,,,,,,,,,./0.png
14.2244526055917,41.5642056844441,"2860","53",435334.399,4601682.697,388.5,LUCE,,,,,,,,,,./1.png
14.2239093524157,41.5653563252283,"2861","85",435290.25,4601810.85,396.447,LUCE,,,,,,,,,,./1.png
14.2239088006638,41.5653753718399,"2862","86",435290.223,4601812.965,396.394,IDRICO,,,,,,,,,,./2.png
14.2239709639106,41.5651547174425,"2863","83",435295.186,4601788.421,396.611,LUCE,,,,,,,,,,./1.png
14.2239597858666,41.5653451723824,"2864","84",435294.444,4601809.574,396.513,FOGNA,,,,,,,,,,./0.png
14.2235984871196,41.5656877830254,"2865","89",435264.661,4601847.882,395.468,LUCE,,,,,,,,,,./1.png
14.2236302402633,41.5656852232026,"2866","90",435267.306,4601847.574,395.447,IDRICO,,,,,,,,,,./2.png
14.223807361018,41.5655437261699,"2867","87",435281.933,4601831.732,395.665,FOGNA,,,,,,,,,,./0.png
14.2237556683355,41.5655358201118,"2868","88",435277.615,4601830.893,395.554,LUCE,,,,,,,,,,./1.png
14.2232177796805,41.5661665230581,"2869","93",435233.396,4601901.318,398.293,LUCE,,,,,,,,,,./1.png
14.2247062436013,41.5643224175921,"2870","94",435355.664,4601695.467,391.63,FOGNA,Non ispezionabile,,,,,,DCIM/pozzetti_20230626171927675.JPG,,,./0.png
14.223429322415,41.5658689023166,"2871","91",435250.737,4601868.117,396.567,LUCE,,,,,,,,,,./1.png
14.2234912107477,41.5658576919354,"2872","92",435255.886,4601866.826,396.499,FOGNA,,,,,,,,,,./0.png
14.2253570564998,41.5644705508487,"2873","97",435410.077,4601711.426,390.548,LUCE,,,,,,,,,,./1.png
14.2256262557831,41.5645900079158,"2874","98",435432.642,4601724.487,389.877,LUCE,,,,,,,,,,./1.png
14.2246869515064,41.5642628216229,"2875","95",435353.996,4601688.865,391.638,LUCE,,,,,,,,,,./1.png
14.2250842547954,41.5643294694794,"2876","96",435387.19,4601695.967,390.733,LUCE,,,,,,,,,,./1.png
14.2042632916943,41.5586415754594,"2877","569",433645.297,4601080.276,383.873,LUCE,,,,,,,,,,./1.png
14.2041323638724,41.5586209163817,"2878","568",433634.358,4601078.083,382.368,FOGNA,,,,,,,,,,./0.png
14.2039354881209,41.5586533217071,"2879","567",433617.974,4601081.832,380.891,IDRICO,,,,,,,,,,./2.png
14.2019397361789,41.5604765885738,"2880","541",433453.422,4601285.79,382.883,LUCE,,,,,,,,,,./1.png
14.2017095948161,41.5605346460135,"2881","540",433434.291,4601292.413,384.405,FOGNA,,,,,,,,,,./0.png
14.201614575461,41.5605358958114,"2882","539",433426.369,4601292.625,384.815,LUCE,,,,,,,,,,./1.png
14.2014101726066,41.5606287552442,"2883","538",433409.42,4601303.092,385.976,FOGNA,,,,,,,,,,./0.png
14.2024610869375,41.5603123558209,"2884","545",433496.727,4601267.155,380.744,LUCE,,,,,,,,,,./1.png
14.2023291374846,41.5603891731038,"2885","544",433485.803,4601275.785,380.851,FOGNA,,,,,,,,,,./0.png
14.202243506768,41.5604081067412,"2886","543",433478.682,4601277.953,381.11,LUCE,,,,,,,,,,./1.png
14.2019939016001,41.5604720645666,"2887","542",433457.934,4601285.246,382.619,FOGNA,,,,,,,,,,./0.png
14.2026425295676,41.5600520525788,"2888","548",433511.59,4601238.116,379.459,LUCE,,,,,,,,,,./1.png
14.2026023484133,41.560192106938,"2889","547",433508.383,4601253.696,380.062,LUCE,,,,,,,,,,./1.png
14.2025780600398,41.5602431447301,"2890","546",433506.41,4601259.381,380.312,FOGNA,,,,,,,,,,./0.png
14.2027782320516,41.5595770952854,"2891","554",433522.419,4601185.281,377.149,FOGNA,,,,,,,,,,./0.png
14.2027461522395,41.5596473906503,"2892","552",433519.816,4601193.11,377.459,LUCE,,,,,,,,,,./1.png
14.2030226990931,41.5609011449061,"2893","520",433544.161,4601332.091,390.754,LUCE,,,,,,,,,,./1.png
14.2030115036455,41.5608909341466,"2894","519",433543.217,4601330.966,390.746,FOGNA,,,,,,,,,,./0.png
14.2031144550419,41.5608043944516,"2895","518",433551.713,4601321.279,391.599,IDRICO,,,,,,,,,,./2.png
14.2030344947566,41.5590958667595,"2896","558",433543.295,4601131.657,375.441,FOGNA,,,,,,,,,,./0.png
14.2029167307834,41.5592599012309,"2897","557",433533.643,4601149.959,375.124,LUCE,,,,,,,,,,./1.png
14.2028712560453,41.5593477579964,"2898","556",433529.941,4601159.748,375.819,FOGNA,,,,,,,,,,./0.png
14.2028158929086,41.5594537228249,"2899","555",433525.433,4601171.555,376.636,LUCE,,,,,,,,,,./1.png
14.2034640824181,41.5587839588834,"2900","562",433578.798,4601096.698,377.401,FOGNA,,,,,,,,,,./0.png
14.203314947801,41.5588748356951,"2901","561",433566.455,4601106.902,376.737,LUCE,,,,,,,,,,./1.png
14.2032430691858,41.5589342178757,"2902","560",433560.522,4601113.55,376.392,FOGNA,,,,,,,,,,./0.png
14.2030883211459,41.5590505099954,"2903","559",433547.737,4601126.58,375.701,LUCE,,,,,,,,,,./1.png
14.203912933724,41.5586491933521,"2904","566",433616.089,4601081.391,380.669,FOGNA,,,,,,,,,,./0.png
14.2038765704104,41.5586348091972,"2905","565",433613.042,4601079.822,380.375,LUCE,,,,,,,,,,./1.png
14.2037239329706,41.5586721231608,"2906","564",433600.352,4601084.082,378.971,FOGNA,,,,,,,,,,./0.png
14.2035629166914,41.5587179177629,"2907","563",433586.972,4601089.29,377.958,LUCE,,,,,,,,,,./1.png
14.2046304185357,41.5586072218648,"2908","570",433675.876,4601076.18,385.611,IDRICO,,,,,,,,,,./2.png
14.2013168051098,41.5607724389412,"2909","536",433401.782,4601319.116,387.423,FOGNA,,,,,,,,,,./0.png
14.2013686882288,41.5609279762592,"2910","535",433406.268,4601336.344,388.785,FOGNA,,,,,,,,,,./0.png
14.2013730351627,41.5609586851519,"2911","534",433406.662,4601339.75,389.061,LUCE,,,,,,,,,,./1.png
14.2044060926935,41.5611798080837,"2912","509",433659.801,4601361.965,395.221,LUCE,,,,,,,,,,./1.png
14.2043817790441,41.5611391342323,"2913","508",433657.732,4601357.468,395.091,FOGNA,,,,,,,,,,./0.png
14.2045238099349,41.561208292831,"2914","507",433669.646,4601365.037,395.822,IDRICO,,,,,,,,,,./2.png
14.2045350750818,41.5613487668069,"2915","506",433670.729,4601380.624,397.123,FOGNA,,,,,,,,,,./0.png
14.2037607740693,41.5606942727278,"2916","513",433605.494,4601308.556,398.251,LUCE,,,,,,,,,,./1.png
14.2041501706052,41.5608290239596,"2917","512",433638.102,4601323.217,397.14,LUCE,,,,,,,,,,./1.png
14.2042553547515,41.5610090413169,"2918","511",433647.057,4601343.122,394.938,LUCE,,,,,,,,,,./1.png
14.2042711324035,41.561060239644,"2919","510",433648.425,4601348.794,394.82,FOGNA,,,,,,,,,,./0.png
14.203307158285,41.5607060916075,"2920","517",433567.681,4601310.217,393.699,IDRICO,,,,,,,,,,./2.png
14.2033614576072,41.5607160605539,"2921","516",433572.219,4601311.282,394.283,LUCE,,,,,,,,,,./1.png
14.2034014872649,41.5606858843681,"2922","515",433575.526,4601307.901,394.804,FOGNA,,,,,,,,,,./0.png
14.2034225699701,41.560685886313,"2923","514",433577.284,4601307.885,395.019,IDRICO,,,,,,,,,,./2.png
14.2026984945874,41.560975251739,"2924","521",433517.203,4601340.568,388.735,LUCE,,,,,,,,,,./1.png
14.2230053625452,41.5459350765488,"2925","488",435195.478,4599655.352,540.167,LUCE,,,,,,,,,,./1.png
14.2228915885166,41.5459013230411,"2926","487",435185.955,4599651.69,540.123,LUCE,,,,,,,,,,./1.png
14.2228598695082,41.5458627917024,"2927","486",435183.271,4599647.436,540.215,IDRICO,,,,,,,,,,./2.png
14.2022920671489,41.5610348530239,"2928","525",433483.374,4601347.498,387.51,IDRICO,,,,,,,,,,./2.png
14.2023448145773,41.561041325877,"2929","524",433487.779,4601348.176,387.706,LUCE,,,,,,,,,,./1.png
14.2026702885061,41.5609654724323,"2930","523",433514.841,4601339.504,388.55,FOGNA,,,,,,,,,,./0.png
14.2026938068297,41.5609634377471,"2931","522",433516.8,4601339.26,388.682,IDRICO,,,,,,,,,,./2.png
14.2018652874097,41.5610749820346,"2932","529",433447.828,4601352.282,387.952,FOGNA,,,,,,,,,,./0.png
14.2019929215095,41.5610771199389,"2933","528",433458.473,4601352.421,387.622,LUCE,,,,,,,,,,./1.png
14.2020659661417,41.5610636205944,"2934","527",433464.55,4601350.866,387.533,IDRICO,,,,,,,,,,./2.png
14.2021681648067,41.5610530256774,"2935","526",433473.061,4601349.611,387.482,FOGNA,,,,,,,,,,./0.png
14.2014466723197,41.5610100515367,"2936","533",433412.855,4601345.396,389.219,IDRICO,,,,,,,,,,./2.png
14.201465440119,41.5610110645901,"2937","532",433414.421,4601345.494,389.216,FOGNA,,,,,,,,,,./0.png
14.2016160319146,41.5610615781689,"2938","531",433427.03,4601350.986,388.967,LUCE,,,,,,,,,,./1.png
14.2017657925576,41.5610714810894,"2939","530",433439.528,4601351.97,388.407,IDRICO,,,,,,,,,,./2.png
14.2013431727745,41.5606860624,"2940","537",433403.892,4601309.506,386.402,LUCE,,,,,,,,,,./1.png
14.2045474395624,41.5612773707935,"2941","505",433671.687,4601372.688,396.436,FOGNA,,,,,,,,,,./0.png
14.2045779418273,41.5612466328896,"2942","504",433674.199,4601369.252,396.215,LUCE,,,,,,,,,,./1.png
14.2046324726984,41.5612201685022,"2943","503",433678.719,4601366.272,395.314,FOGNA,,,,,,,,,,./0.png
14.2045682069546,41.5612023759647,"2944","502",433673.342,4601364.346,395.793,FOGNA,,,,,,,,,,./0.png
14.2219215307574,41.5449097178655,"2945","477",435104.056,4599542.329,543.488,IDRICO,,,,,,,,,,./2.png
14.2219300149227,41.5449230880366,"2946","476",435104.777,4599543.807,543.542,FOGNA,,,,,,,,,,./0.png
14.2218830147852,41.54488718223,"2947","475",435100.821,4599539.856,542.887,FOGNA,,,,,,,,,,./0.png
14.2218584120998,41.5448921949308,"2948","474",435098.774,4599540.431,541.785,LUCE,,,,,,,,,,./1.png
14.2226402990878,41.5458079664259,"2949","481",435164.903,4599641.514,537.589,IDRICO,,,,,,,,,,./2.png
14.2223170829593,41.5453945444982,"2950","480",435137.532,4599595.858,540.264,IDRICO,,,,,,,,,,./2.png
14.2220029875514,41.5450657527198,"2951","479",435111.006,4599559.591,542.083,LUCE,,,,,,,,,,./1.png
14.2220120869144,41.5450438094948,"2952","478",435111.743,4599557.148,543.152,FOGNA,,,,,,,,,,./0.png
14.2229460258041,41.5458499260806,"2953","485",435190.444,4599645.943,540.41,IDRICO,,,,,,,,,,./2.png
14.2236367750295,41.545976397324,"2954","484",435248.182,4599659.466,536.029,IDRICO,,,,,,,,,,./2.png
14.2232943766209,41.5459970536191,"2955","483",435219.645,4599662.016,536.031,IDRICO,,,,,,,,,,./2.png
14.223119955173,41.5459535411119,"2956","489",435205.054,4599657.316,540.038,LUCE,,,,,,,,,,./1.png
14.2202227579688,41.5443927127967,"2957","457",434961.85,4599486.208,527.723,LUCE,,,,,,,,,,./1.png
14.2143116026212,41.5457613400788,"2958","456",434470.202,4599642.622,564.477,IDRICO,,,,,,,,,,./2.png
14.2087318972118,41.5563755716826,"2959","455",434015.622,4600825.277,436.776,IDRICO,,,,,,,,,,./2.png
14.2125876365728,41.5562845139338,"2960","454",434337.065,4600812.229,403.649,IDRICO,,,,,,,,,,./2.png
14.2198202618621,41.5436455577302,"2961","493",434927.53,4599403.561,554.156,IDRICO,,,,,,,,,,./2.png
14.2197500767956,41.5447804224608,"2962","492",434922.814,4599529.608,538.49,IDRICO,,,,,,,,,,./2.png
14.2232201689407,41.5459111723339,"2963","491",435213.37,4599652.537,540.236,IDRICO,,,,,,,,,,./2.png
14.2232299737525,41.5459614901874,"2964","490",435214.238,4599658.116,540.074,LUCE,,,,,,,,,,./1.png
14.2084277272544,41.5578793117725,"2965","497",433991.787,4600992.457,394.515,LUCE,,,,,,,,,,./1.png
14.2084966354169,41.5576776272221,"2966","496",433997.328,4600970.013,395.952,LUCE,,,,,,,,,,./1.png
14.208536031938,41.5576911300718,"2967","495",434000.627,4600971.482,395.982,LUCE,,,,,,,,,,./1.png
14.2086397520666,41.5575100774799,"2968","494",434009.092,4600951.302,397.872,LUCE,,,,,,,,,,./1.png
14.2048694210519,41.5612407495752,"2969","501",433698.498,4601368.375,393.893,FOGNA,,,,,,,,,,./0.png
14.2049102266738,41.5612724670632,"2970","500",433701.933,4601371.865,393.538,LUCE,,,,,,,,,,./1.png
14.2051335998212,41.5612754256058,"2971","499",433720.562,4601372.022,391.527,IDRICO,,,,,,,,,,./2.png
14.2085866233751,41.5577837216357,"2972","498",434004.94,4600981.723,395.441,IDRICO,,,,,,,,,,./2.png
14.2213417829539,41.5444814784553,"2973","466",435055.273,4599495.221,532.224,LUCE,,,,,,,,,,./1.png
14.2217099878769,41.5447916959943,"2974","473",435086.294,4599529.385,540.296,LUCE,,,,,,,,,,./1.png
14.2217036927168,41.5447647576414,"2975","472",435085.742,4599526.399,539.834,FOGNA,,,,,,,,,,./0.png
14.2215628774965,41.5446346760558,"2976","471",435073.867,4599512.063,536.041,LUCE,,,,,,,,,,./1.png
14.2216835309338,41.5447323841126,"2977","470",435084.028,4599522.82,539.135,IDRICO,,,,,,,,,,./2.png
14.2133631664278,41.5564580328139,"2978","445",434401.913,4600830.904,404.559,IDRICO,,,,,,,,,,./2.png
14.2134048415101,41.5564260539063,"2979","444",434405.356,4600827.322,405.065,FOGNA,,,,,,,,,,./0.png
14.2133965645854,41.5561661737973,"2980","443",434404.403,4600798.476,410.799,LUCE,,,,,,,,,,./1.png
14.2130316408609,41.5557525402625,"2981","442",434373.553,4600752.831,418.043,IDRICO,,,,,,,,,,./2.png
14.2128935964364,41.5564412364253,"2982","449",434362.738,4600829.396,404.21,LUCE,,,,,,,,,,./1.png
14.2131483739624,41.5565260541746,"2983","448",434384.07,4600838.619,404.007,LUCE,,,,,,,,,,./1.png
14.2131495694153,41.556518451219,"2984","447",434384.162,4600837.774,404.293,LUCE,,,,,,,,,,./1.png
14.2133456067624,41.5564425282777,"2985","446",434400.433,4600829.196,405.344,LUCE,,,,,,,,,,./1.png
14.2128654591892,41.556449537659,"2986","452",434360.4,4600830.339,403.933,IDRICO,,,,,,,,,,./2.png
14.2128536057718,41.5564559327353,"2987","451",434359.418,4600831.058,403.927,FOGNA,,,,,,,,,,./0.png
14.2128652053104,41.5564674964012,"2988","450",434360.397,4600832.333,403.709,LUCE,,,,,,,,,,./1.png
14.2141423476972,41.5601543645399,"2989","418",434470.624,4601240.685,383.243,FOGNA,,,,,,,,,,./0.png
14.2133877480352,41.5608617956656,"2990","425",434408.416,4601319.798,381.851,FOGNA,,,,,,,,,,./0.png
14.2134597619321,41.56079067162,"2991","424",434414.349,4601311.847,382.155,LUCE,,,,,,,,,,./1.png
14.2136690679329,41.5606580031888,"2992","423",434431.668,4601296.959,382.384,LUCE,,,,,,,,,,./1.png
14.2136637084353,41.5606678024593,"2993","422",434431.231,4601298.051,381.941,IDRICO,,,,,,,,,,./2.png
14.2204474645157,41.5443737177945,"2994","461",434980.573,4599483.93,527.299,LUCE,,,,,,,,,,./1.png
14.2204268026849,41.5444369349432,"2995","460",434978.913,4599490.964,527.094,IDRICO,,,,,,,,,,./2.png
14.2203259835721,41.5444618681022,"2996","459",434970.529,4599493.808,526.852,IDRICO,,,,,,,,,,./2.png
14.2201959838053,41.544411815821,"2997","458",434959.636,4599488.349,527.389,FOGNA,,,,,,,,,,./0.png
14.221081094967,41.5443666895061,"2998","465",435033.415,4599482.673,531.423,LUCE,,,,,,,,,,./1.png
14.2209803157051,41.544366358082,"2999","464",435025.009,4599482.712,530.138,IDRICO,,,,,,,,,,./2.png
14.2207450073637,41.5443956136335,"3000","463",435005.412,4599486.137,528.529,IDRICO,,,,,,,,,,./2.png
14.2207724856924,41.5443667783804,"3001","462",435007.675,4599482.915,528.666,LUCE,,,,,,,,,,./1.png
14.2215656927141,41.5446058808175,"3002","469",435074.073,4599508.864,535.738,FOGNA,,,,,,,,,,./0.png
14.2214350202668,41.5444988633278,"3003","468",435063.067,4599497.081,533.3,IDRICO,,,,,,,,,,./2.png
14.221411450899,41.5444757171574,"3004","467",435061.078,4599494.529,532.984,FOGNA,,,,,,,,,,./0.png
14.2175781114242,41.5579679905247,"3005","262",434754.921,4600995.349,394.533,IDRICO,,,,,,,,,,./2.png
14.2190607636786,41.5552920950742,"3006","259",434875.872,4600697.148,393.362,LUCE,,,,,,,,,,./1.png
14.2190104192326,41.5553303042325,"3007","260",434871.712,4600701.428,393.423,LUCE,,,,,,,,,,./1.png
14.2178480865054,41.5587148898611,"3008","265",434778.185,4601078.067,395.994,LUCE,,,,,,,,,,./1.png
14.2180243809996,41.5588671947341,"3009","266",434793.039,4601094.843,396.824,LUCE,,,,,,,,,,./1.png
14.217674896086,41.5583619511036,"3010","263",434763.388,4601039.014,395.079,LUCE,,,,,,,,,,./1.png
14.2178345567841,41.5586803000215,"3011","264",434777.022,4601074.237,396.077,FOGNA,,Pvc,"60",Pvc,240,80x80,DCIM/pozzetti_20230626160237296.JPG,DCIM/pozzetti_20230626160205356.JPG,DCIM/pozzetti_20230626160216378.JPG,./0.png
14.2223731207047,41.556835375642,"3012","237",435153.641,4600865.993,413.907,LUCE,,,,,,,,,,./1.png
14.2224375879654,41.5557869066453,"3013","242",435157.969,4600749.542,412.022,IDRICO,,,,,,,,,,./2.png
14.2223889651597,41.5574293316662,"3014","239",435155.556,4600931.923,414.858,LUCE,,,,,,,,,,./1.png
14.2223437208659,41.5564409108459,"3015","240",435150.795,4600822.221,412.651,FOGNA,,Pvc,"40",Pvc,140,80x80,DCIM/pozzetti_20230626161725725.JPG,DCIM/pozzetti_20230626161801134.JPG,DCIM/pozzetti_20230626161808632.JPG,./0.png
14.2225699430165,41.5543806053631,"3016","245",435167.601,4600593.313,409.886,LUCE,,,,,,,,,,./1.png
14.2228668517759,41.5531639289904,"3017","246",435191.146,4600458.013,411.079,IDRICO,,,,,,,,,,./2.png
14.2224981451954,41.554818359483,"3018","243",435162.051,4600641.967,412.052,IDRICO,,,,,,,,,,./2.png
14.2225029974306,41.5547506756598,"3019","244",435162.388,4600634.449,411.849,LUCE,,,,,,,,,,./1.png
14.2231868243679,41.5521040798709,"3020","249",435216.772,4600340.107,409.779,LUCE,,,,,,,,,,./1.png
14.2193592154058,41.5597437991517,"3021","278",434905.228,4601191.158,400.337,LUCE,,,,,,,,,,./1.png
14.2190071126797,41.5595204690508,"3022","275",434875.643,4601166.629,397.785,IDRICO,,,,,,,,,,./2.png
14.2191475163278,41.5596152332302,"3023","276",434887.446,4601177.044,397.936,LUCE,,,,,,,,,,./1.png
14.2212944100389,41.5599475870554,"3024","281",435066.802,4601212.326,425.064,IDRICO,,,,,,,,,,./2.png
14.2210872266748,41.5599878693264,"3025","282",435049.566,4601216.954,422.147,IDRICO,,,,,,,,,,./2.png
14.2197345204006,41.5597372762722,"3026","279",434936.517,4601190.151,404.497,IDRICO,,,,,,,,,,./2.png
14.2199496121922,41.5597523816793,"3027","280",434954.468,4601191.666,407.497,IDRICO,,,,,,,,,,./2.png
14.2202632897874,41.553066282589,"3028","253",434973.923,4600449.129,395.019,LUCE,,,,,,,,,,./1.png
14.2202521763426,41.5530900404596,"3029","254",434973.02,4600451.775,394.22,IDRICO,,,,,,,,,,./2.png
14.2234268097152,41.5515200030545,"3030","251",435236.203,4600275.082,408.236,LUCE,,,,,,,,,,./1.png
14.2230547687823,41.5514822443624,"3031","252",435205.138,4600271.169,405.242,LUCE,,,,,,,,,,./1.png
14.2194018620413,41.5549491537174,"3032","257",434903.973,4600658.817,392.17,IDRICO,,,,,,,,,,./2.png
14.219335269461,41.555016283133,"3033","258",434898.487,4600666.32,392.398,IDRICO,,,,,,,,,,./2.png
14.2198542476223,41.5538982566489,"3034","255",434940.645,4600541.804,394.306,LUCE,,,,,,,,,,./1.png
14.2194183803069,41.5550084435913,"3035","256",434905.41,4600665.387,392.73,LUCE,,,,,,,,,,./1.png
14.2179247175361,41.5567413256954,"3036","261",434782.591,4600858.901,391.405,IDRICO,,,,,,,,,,./2.png
14.2193641417737,41.5601067170167,"3037","293",434906.003,4601231.446,398.31,LUCE,,,,,,,,,,./1.png
14.2195530208134,41.5602801819448,"3038","294",434921.927,4601250.562,396.227,IDRICO,,,,,,,,,,./2.png
14.2193707306118,41.5600943407409,"3039","291",434906.54,4601230.067,398.735,FOGNA,,,,,,,,,,./0.png
14.2193778213938,41.5601080168625,"3040","292",434907.145,4601231.58,398.506,IDRICO,,,,,,,,,,./2.png
14.2198970733703,41.5605661012144,"3041","297",434950.903,4601282.046,392.834,IDRICO,Non ispezionabile,,,,,,DCIM/pozzetti_20230626164242677.JPG,,,./2.png
14.2198798445844,41.56057870257,"3042","945",434949.479,4601283.458,392.795,FOGNA,,Pvc,"40",Pvc,150,100x100,DCIM/pozzetti_20230626164023167.JPG,DCIM/pozzetti_20230626163954405.JPG,DCIM/pozzetti_20230626164008643.JPG,./0.png
14.2195351905882,41.5602939320961,"3043","295",434920.454,4601252.102,396.376,LUCE,,,,,,,,,,./1.png
14.2197369179196,41.5604571435971,"3044","296",434937.439,4601270.07,391.749,LUCE,,,,,,,,,,./1.png
14.2181715443447,41.5590346766504,"3045","269",434805.479,4601113.326,397.076,LUCE,,,,,,,,,,./1.png
14.2184697755383,41.5592070043571,"3046","270",434830.521,4601132.233,396.843,LUCE,,,,,,,,,,./1.png
14.218073019703,41.5588881971686,"3047","267",434797.116,4601097.138,397.108,IDRICO,,,,,,,,,,./2.png
14.2180863318356,41.5589060319971,"3048","268",434798.244,4601099.108,397.158,IDRICO,,,,,,,,,,./2.png
14.2187895581508,41.5593912952384,"3049","274",434857.372,4601152.452,396.992,LUCE,,,,,,,,,,./1.png
14.2185568853013,41.5592270340725,"3050","271",434837.805,4601134.391,397.23,IDRICO,,,,,,,,,,./2.png
14.2186562249755,41.559285076397,"3051","272",434846.147,4601140.76,397.105,IDRICO,,,,,,,,,,./2.png
14.2191937938384,41.5596172768895,"3052","277",434891.307,4601177.236,398.723,IDRICO,,,,,,,,,,./2.png
14.2190097329409,41.5610080084182,"3053","309",434877.355,4601331.776,386.188,LUCE,,,,,,,,,,./1.png
14.2189627219533,41.561016002792,"3054","310",434873.443,4601332.699,386.295,FOGNA,Non ispezionabile,,,,,,DCIM/pozzetti_20230626165342822.JPG,,,./0.png
14.2191913275683,41.5607486617899,"3055","307",434892.237,4601302.846,386.458,IDRICO,,,,,,,,,,./2.png
14.2192306157827,41.5607974056359,"3056","308",434895.562,4601308.228,386.574,LUCE,,,,,,,,,,./1.png
14.2187435594107,41.5610109650095,"3057","313",434855.163,4601332.305,387.045,FOGNA,,Pvc,"40",Pvc,110,100x100,DCIM/pozzetti_20230626164445549.JPG,DCIM/pozzetti_20230626164529607.JPG,DCIM/pozzetti_20230626164542526.JPG,./0.png
14.2193185178473,41.5606780708668,"3058","314",434902.772,4601294.913,387.009,IDRICO,,,,,,,,,,./2.png
14.2188592914181,41.5610414842629,"3059","311",434864.844,4601335.606,387.761,LUCE,,,,,,,,,,./1.png
14.2187353836725,41.5609828248325,"3060","900",434854.453,4601329.187,387.055,IDRICO,Non ispezipnabile,,,,,,DCIM/pozzetti_20230626165219698.JPG,,,./2.png
14.2206495972828,41.5598116492705,"3061","285",435012.897,4601197.719,416.004,IDRICO,,,,,,,,,,./2.png
14.2204024165931,41.5597863295512,"3062","286",434992.26,4601195.094,412.978,IDRICO,,,,,,,,,,./2.png
14.2208981088171,41.5599847775832,"3063","283",435033.793,4601216.753,419.992,IDRICO,,,,,,,,,,./2.png
14.2208128761574,41.5598313018104,"3064","284",435026.532,4601199.778,418.131,IDRICO,,,,,,,,,,./2.png
14.21930880175,41.5599160179246,"3065","289",434901.197,4601210.316,399.959,LUCE,,,,,,,,,,./1.png
14.2193281248777,41.559979497168,"3066","290",434902.872,4601217.349,399.493,FOGNA,,,,,,,,,,./0.png
14.2201445971266,41.5597681429513,"3067","287",434970.743,4601193.269,409.898,FOGNA,,,,,,,,,,./0.png
14.2201675493814,41.5597752071884,"3068","288",434972.664,4601194.036,410.035,IDRICO,,,,,,,,,,./2.png
14.2040489803252,41.5597381936272,"3069","605",433628.548,4601202.189,402.892,IDRICO,,Polietilene,"5",Polietilene,100,80x80,DCIM/pozzetti_20230626143946557.JPG,DCIM/pozzetti_20230626144045499.JPG,DCIM/pozzetti_20230626144058159.JPG,./2.png
14.2026594752669,41.560029570891,"3070","549",433512.98,4601235.607,379.512,FOGNA,,,,,,,,,,./0.png
14.204045176555,41.5597735567985,"3071","604",433628.267,4601206.118,403.364,FOGNA,,Metallo,"30",Metallo,70,80x80,DCIM/pozzetti_20230626143650235.JPG,DCIM/pozzetti_20230626143756420.JPG,DCIM/pozzetti_20230626143807424.JPG,./0.png
14.2040959217059,41.5599167541148,"3072","603",433632.645,4601221.977,405.066,FOGNA,,,,,,,,,,./0.png
14.2038336791589,41.5593818892423,"3073","610",433610.23,4601162.797,396.276,IDRICO,,Polietilene,"5",Polietilene,90,80x80,DCIM/pozzetti_20230626145021156.JPG,DCIM/pozzetti_20230626144907625.JPG,DCIM/pozzetti_20230626144917639.JPG,./2.png
14.2038854075834,41.559463474838,"3074","609",433614.627,4601171.815,397.39,FOGNA,,,,,,,,,,./0.png
14.2038890025117,41.5594881255634,"3075","608",433614.952,4601174.549,397.753,IDRICO,,,,,,,,,,./2.png
14.2039700127226,41.5595709677066,"3076","607",433621.792,4601183.684,400.134,LUCE,,,,,,,,,,./1.png
14.2207051623328,41.5612356409628,"3077","942",435018.957,4601355.771,400.087,LUCE,,,,,,,,,,./1.png
14.2205176353947,41.5610529636802,"3078","302",435003.137,4601335.631,398.64,LUCE,,,,,,,,,,./1.png
14.2199573719794,41.5605820027833,"3079","944",434955.947,4601283.766,393.1,LUCE,,,,,,,,,,./1.png
14.2200666253316,41.5606805537217,"3080","943",434965.156,4601294.625,393.867,IDRICO,,,,,,,,,,./2.png
14.2195557531185,41.5605434736203,"3081","305",434922.419,4601279.791,389.573,IDRICO,,,,,,,,,,./2.png
14.2194570162919,41.5605865876722,"3082","306",434914.229,4601284.652,388.433,LUCE,,,,,,,,,,./1.png
14.2203107588002,41.5608648676195,"3083","303",434985.698,4601314.904,396.271,LUCE,,,,,,,,,,./1.png
14.2201391464246,41.560708256543,"3084","304",434971.231,4601297.646,395.214,LUCE,,,,,,,,,,./1.png
14.2050050421764,41.5595286698339,"3085","622",433708.057,4601178.193,409.087,LUCE,,,,,,,,,,./1.png
14.2049534182591,41.5594775750212,"3086","621",433703.7,4601172.56,408.67,LUCE,,,,,,,,,,./1.png
14.204924273196,41.5594524594247,"3087","620",433701.244,4601169.794,408.282,LUCE,,,,,,,,,,./1.png
14.2048642451863,41.5594021531407,"3088","619",433696.187,4601164.255,407.675,FOGNA,,Metallo,"20",,80,100x100,DCIM/pozzetti_20230626140030870.JPG,DCIM/pozzetti_20230626140107160.JPG,DCIM/pozzetti_20230626140117069.JPG,./0.png
14.205006141128,41.5596709019875,"3089","626",433708.294,4601193.983,409.394,LUCE,,,,,,,,,,./1.png
14.2050570162717,41.5595922961357,"3090","625",433712.456,4601185.217,409.358,LUCE,,,,,,,,,,./1.png
14.2050539566474,41.5595757917059,"3091","624",433712.184,4601183.387,409.344,LUCE,,,,,,,,,,./1.png
14.2050175536124,41.5595401234944,"3092","623",433709.112,4601179.455,409.121,LUCE,,,,,,,,,,./1.png
14.2045864230724,41.559663144338,"3093","630",433673.287,4601193.444,408.871,FOGNA,,Pvc,"25",Pvc,100,50x50,DCIM/pozzetti_20230626142149660.JPG,DCIM/pozzetti_20230626142103917.JPG,DCIM/pozzetti_20230626142127108.JPG,./0.png
14.2046903873131,41.5596393997858,"3094","629",433681.932,4601190.728,408.937,LUCE,,,,,,,,,,./1.png
14.2048158702058,41.5596142997476,"3095","628",433692.37,4601187.845,409.113,LUCE,,,,,,,,,,./1.png
14.2049118983021,41.5596441293054,"3096","627",433700.408,4601191.083,409.116,LUCE,,,,,,,,,,./1.png
14.2052437175574,41.5592237939068,"3097","634",433727.648,4601144.162,407.571,FOGNA,,,,,,,,,,./0.png
14.2051242836014,41.5592749942224,"3098","633",433717.741,4601149.938,407.808,LUCE,,,,,,,,,,./1.png
14.2045751878118,41.5596610670041,"3099","631",433672.348,4601193.222,408.571,IDRICO,,Polietilene,"3",Polietilene,50,40x40,DCIM/pozzetti_20230626142330244.JPG,DCIM/pozzetti_20230626142340314.JPG,DCIM/pozzetti_20230626142351733.JPG,./2.png
14.2040697654893,41.5597497136715,"3100","606",433630.293,4601203.452,403.498,LUCE,,,,,,,,,,./1.png
14.2040398862797,41.5605770122506,"3101","600",433628.648,4601295.323,401.139,IDRICO,,Polietilene,"8",Polietilene,120,150x150,DCIM/pozzetti_20230626145930025.JPG,DCIM/pozzetti_20230626150029386.JPG,DCIM/pozzetti_20230626150042205.JPG,./2.png
14.2040193941133,41.5605816622498,"3102","599",433626.944,4601295.855,400.754,LUCE,,,,,,,,,,./1.png
14.2053528776976,41.5585829885423,"3103","574",433736.096,4601072.935,388.781,LUCE,,,,,,,,,,./1.png
14.2050491599908,41.5585943009365,"3104","573",433710.781,4601074.424,387.839,FOGNA,,,,,,,,,,./0.png
14.2049595717955,41.558622306577,"3105","572",433703.339,4601077.602,387.743,LUCE,,,,,,,,,,./1.png
14.2046498228036,41.5586403856981,"3106","571",433677.528,4601079.847,385.798,LUCE,,,,,,,,,,./1.png
14.2060354501079,41.5584843455388,"3107","578",433792.914,4601061.46,392.897,LUCE,,,,,,,,,,./1.png
14.2057028517281,41.5584881823698,"3108","577",433765.183,4601062.141,391.037,LUCE,,,,,,,,,,./1.png
14.2056193874546,41.5584871734193,"3109","576",433758.222,4601062.093,390.015,FOGNA,,,,,,,,,,./0.png
14.2053877341936,41.5585285283626,"3110","575",433738.947,4601066.862,388.813,IDRICO,,,,,,,,,,./2.png
14.2074120823571,41.5586016779832,"3111","582",433907.829,4601073.432,395.793,IDRICO,,Poletilene,"10",Polietilene,180,150x150,DCIM/pozzetti_20230626134817433.JPG,DCIM/pozzetti_20230626134855962.JPG,DCIM/pozzetti_20230626134916209.JPG,./2.png
14.206531220471,41.5585053229649,"3112","581",433834.277,4601063.409,396.215,IDRICO,,,,,,,,,,./2.png
14.208128010135,41.5582086250702,"3113","586",433967.129,4601029.247,392.403,LUCE,,,,,,,,,,./1.png
14.2079148055292,41.5583165677127,"3114","585",433949.46,4601041.394,392.448,LUCE,,,,,,,,,,./1.png
14.2076159425455,41.5584882044811,"3115","584",433924.713,4601060.678,393.194,LUCE,,,,,,,,,,./1.png
14.2076455634885,41.5584852110297,"3116","583",433927.18,4601060.323,393.084,IDRICO,,,,,,,,,,./2.png
14.2026910540807,41.5598020054287,"3117","551",433515.38,4601210.318,378.231,LUCE,,,,,,,,,,./1.png
14.2026947843549,41.5598048775875,"3118","550",433515.694,4601210.634,378.258,FOGNA,,,,,,,,,,./0.png
14.2043349072392,41.5600789661579,"3119","590",433652.739155295,4601239.80241329,407.083,FOGNA,,Metallo,"30",Metallo,140,80x80,DCIM/pozzetti_20230626143315892.JPG,DCIM/pozzetti_20230626143325748.JPG,DCIM/pozzetti_20230626143335507.JPG,./0.png
14.2045025955608,41.5599400058622,"3120","589",433666.58,4601224.246,409.479,LUCE,,,,,,,,,,./1.png
14.2045249481621,41.5598198145806,"3121","588",433668.321,4601210.885,409.849,IDRICO,,,,,,,,,,./2.png
14.204495975322,41.559845194737,"3122","587",433665.931,4601213.725,409.757,FOGNA,,,,,,,,,,./0.png
14.2043150821366,41.5603986367969,"3123","594",433651.413,4601275.308,404.187,LUCE,,,,,,,,,,./1.png
14.20443820507,41.5601339098811,"3124","593",433661.409,4601245.823,406.88,LUCE,,,,,,,,,,./1.png
14.2043663923017,41.5601223881034,"3125","592",433655.409,4601244.599,407.073,LUCE,,,,,,,,,,./1.png
14.2043482579784,41.5600837159437,"3126","591",433653.857285951,4601240.31948544,407.129,FOGNA,Troppopieno,,,,,,DCIM/pozzetti_20230626142837514.JPG,DCIM/pozzetti_20230626142846870.JPG,DCIM/pozzetti_20230626142854930.JPG,./0.png
14.2039853500871,41.560645954529,"3127","598",433624.171,4601303.019,400.161,FOGNA,,Metallo,"30",Metallo,100,80x80,DCIM/pozzetti_20230626145339928.JPG,DCIM/pozzetti_20230626145318004.JPG,DCIM/pozzetti_20230626145327812.JPG,./0.png
14.204154759267,41.5605078210473,"3128","597",433638.156,4601287.553,402.377,FOGNA,,,,,,,,,,./0.png
14.204255648792,41.5604063770593,"3129","596",433646.465,4601276.213,403.784,FOGNA,,,,,,,,,,./0.png
14.204320856006,41.5603698355268,"3130","595",433651.865,4601272.106,404.367,IDRICO,,,,,,,,,,./2.png
14.2041513308169,41.5599916366438,"3131","602",433637.342,4601230.248,405.965,LUCE,,,,,,,,,,./1.png
14.2041698491353,41.5600139406773,"3132","601",433638.909,4601232.71,406.207,IDRICO,,,,,,,,,,./2.png
14.2238544316667,41.545602635,"3133","1059",435265.962749994,4599617.80729568,533.704,LUCE,,,,,,,,,,./1.png
14.2237540116667,41.545450475,"3134","1058",435257.435409392,4599600.9895529,535.884,IDRICO,,Poletilene,"10",Piletilene,140,160x140,DCIM/pozzetti_20230626112727657.JPG,DCIM/pozzetti_20230626112738778.JPG,DCIM/pozzetti_20230626112751554.JPG,./2.png
14.2237874033333,41.5454830666667,"3135","1057",435260.252964794,4599604.58289635,535.195,FOGNA,,Cls,"80",,250,150x150,DCIM/pozzetti_20230626111926841.JPG,DCIM/pozzetti_20230626111944303.JPG,DCIM/pozzetti_20230626112009480.JPG,./0.png
14.2233758133333,41.54482899,"3136","1056",435225.271352503,4599532.27500682,544.509,IDRICO,,,,,,,,,,./2.png
14.2233571433333,41.5447399833333,"3137","1055",435223.625321445,4599522.40737264,545.331,LUCE,,,,,,,,,,./1.png
14.223362355,41.5447700016667,"3138","1054",435224.08996843,4599525.73613834,545.057,FOGNA,,,,,,,,,,./0.png
14.2230932683333,41.5443645816667,"3139","1053",435201.241681044,4599480.92770132,551.442,FOGNA,,,,,,,,,,./0.png
14.22305925,41.5442202833333,"3140","1052",435198.260243477,4599464.93303525,552.753,FOGNA,,,,,,,,,,./0.png
14.2219786866667,41.5412948483333,"3141","1051",435105.208815325,4599140.95873933,583.406,LUCE,,,,,,,,,,./1.png
14.2219363316667,41.5413317383333,"3142","1050",435101.712841562,4599145.08612837,583.329,FOGNA,,,,,,,,,,./0.png
14.2217327483333,41.5414221233333,"3143","1049",435084.822225732,4599155.273734,583.394,LUCE,,,,,,,,,,./1.png
14.221691235,41.54145911,"3144","1048",435081.396571116,4599159.41123282,583.348,FOGNA,,,,,,,,,,./0.png
14.22149047,41.54159893,"3145","1047",435064.790552515,4599175.08510264,583.917,LUCE,,,,,,,,,,./1.png
14.2214772316667,41.541611765,"3146","1046",435063.699180389,4599176.52001052,583.972,IDRICO,,,,,,,,,,./2.png
14.221368485,41.5417637983333,"3147","1045",435054.780717784,4599193.48068224,584.72,IDRICO,,,,,,,,,,./2.png
14.2213193083333,41.54181683,"3148","1044",435050.731955924,4599199.40529284,586.53,LUCE,,,,,,,,,,./1.png
14.2224230556337,41.5424056531251,"3149","929",435143.383906329,4599263.94794581,567.387,LUCE,,,,,,,,,,./1.png
14.2223877296159,41.5422063822893,"3150","768",435140.238256668,4599241.85117356,568.666,LUCE,,,,,,,,,,./1.png
14.20498004,41.559366195,"3151","632",433705.806082271,4601160.17397416,408.019,IDRICO,,Polietilene,"10",Polietilene,70,80x80,DCIM/pozzetti_20230626141052387.JPG,DCIM/pozzetti_20230626141124567.JPG,DCIM/pozzetti_20230626141139244.JPG,./2.png
14.2082669933333,41.5582184466667,"3152","1065",433978.728660906,4601030.2311526,391.794,IDRICO,,Polietilene,"15",Polietilene,90,160x160,DCIM/pozzetti_20230626134004724.JPG,DCIM/pozzetti_20230626134027304.JPG,DCIM/pozzetti_20230626134048546.JPG,./2.png
14.2238675333333,41.5457484366666,"3153","1064",435267.200929646,4599633.98456696,538.556,IDRICO,,,,,,,,,,./2.png
14.2238541766667,41.5457496583333,"3154","1063",435266.088136239,4599634.13020695,538.674,FOGNA,,,,,,,,,,./0.png
14.2239434683333,41.545461605,"3155","1062",435273.248205044,4599602.08324615,529.929,FOGNA,,,,,,,,,,./0.png
14.2239299833333,41.5455800383333,"3156","1061",435272.24160879,4599615.24197141,532.268,FOGNA,,,,,,,,,,./0.png
14.2239329016667,41.5455713966666,"3157","1060",435272.476393745,4599614.28037575,532.215,FOGNA,,,,,,,,,,./0.png
